날짜,제목
2018.07.31,1
2018.08.01,48
2018.08.02,52
2018.08.03,41
2018.08.04,25
2018.08.05,35
2018.08.06,43
2018.08.07,42
2018.08.08,41
2018.08.09,54
2018.08.10,44
2018.08.11,28
2018.08.12,24
2018.08.13,47
2018.08.14,43
2018.08.15,29
2018.08.16,45
2018.08.17,42
2018.08.18,34
2018.08.19,35
2018.08.20,104
2018.08.21,76
2018.08.22,74
2018.08.23,55
2018.08.24,60
2018.08.25,29
2018.08.26,25
2018.08.27,46
2018.08.28,51
2018.08.29,46
2018.08.30,48
2018.08.31,42
2018.09.01,35
2018.09.02,30
2018.09.03,57
2018.09.04,39
2018.09.05,69
2018.09.06,50
2018.09.07,53
2018.09.08,24
2018.09.09,30
2018.09.10,48
2018.09.11,46
2018.09.12,56
2018.09.13,48
2018.09.14,53
2018.09.15,28
2018.09.16,38
2018.09.17,48
2018.09.18,40
2018.09.19,50
2018.09.20,48
2018.09.21,56
2018.09.22,30
2018.09.23,23
2018.09.24,31
2018.09.25,27
2018.09.26,32
2018.09.27,47
2018.09.28,48
2018.09.29,40
2018.09.30,19
2018.10.01,46
2018.10.02,62
2018.10.03,42
2018.10.04,44
2018.10.05,52
2018.10.06,48
2018.10.07,30
2018.10.08,87
2018.10.09,59
2018.10.10,49
2018.10.11,65
2018.10.12,55
2018.10.13,31
2018.10.14,34
2018.10.15,61
2018.10.16,49
2018.10.17,65
2018.10.18,54
2018.10.19,48
2018.10.20,35
2018.10.21,23
2018.10.22,48
2018.10.23,53
2018.10.24,42
2018.10.25,53
2018.10.26,54
2018.10.27,20
2018.10.28,33
2018.10.29,55
2018.10.30,47
2018.10.31,52
2018.11.01,38
2018.11.02,47
2018.11.03,30
2018.11.04,17
2018.11.05,36
2018.11.06,36
2018.11.07,42
2018.11.08,34
2018.11.09,37
2018.11.10,24
2018.11.11,27
2018.11.12,38
2018.11.13,43
2018.11.14,42
2018.11.15,51
2018.11.16,36
2018.11.17,16
2018.11.18,36
2018.11.19,41
2018.11.20,63
2018.11.21,39
2018.11.22,48
2018.11.23,47
2018.11.24,30
2018.11.25,36
2018.11.26,42
2018.11.27,53
2018.11.28,40
2018.11.29,42
2018.11.30,43
2018.12.01,24
2018.12.02,30
2018.12.03,54
2018.12.04,48
2018.12.05,63
2018.12.06,39
2018.12.07,42
2018.12.08,23
2018.12.09,24
2018.12.10,37
2018.12.11,40
2018.12.12,33
2018.12.13,36
2018.12.14,48
2018.12.15,24
2018.12.16,36
2018.12.17,45
2018.12.18,43
2018.12.19,52
2018.12.20,54
2018.12.21,59
2018.12.22,36
2018.12.23,42
2018.12.24,65
2018.12.25,37
2018.12.26,66
2018.12.27,72
2018.12.28,60
2018.12.29,42
2018.12.30,47
2018.12.31,62
2019.01.01,46
2019.01.02,71
2019.01.03,79
2019.01.04,65
2019.01.05,37
2019.01.06,46
2019.01.07,64
2019.01.08,78
2019.01.09,59
2019.01.10,82
2019.01.11,64
2019.01.12,39
2019.01.13,42
2019.01.14,107
2019.01.15,102
2019.01.16,94
2019.01.17,100
2019.01.18,102
2019.01.19,61
2019.01.20,29
2019.01.21,98
2019.01.22,76
2019.01.23,89
2019.01.24,84
2019.01.25,78
2019.01.26,35
2019.01.27,30
2019.01.28,91
2019.01.29,60
2019.01.30,77
2019.01.31,78
2019.02.01,75
2019.02.02,33
2019.02.03,18
2019.02.04,41
2019.02.05,18
2019.02.06,24
2019.02.07,71
2019.02.08,54
2019.02.09,24
2019.02.10,35
2019.02.11,61
2019.02.12,52
2019.02.13,61
2019.02.14,66
2019.02.15,61
2019.02.16,35
2019.02.17,30
2019.02.18,72
2019.02.19,53
2019.02.20,56
2019.02.21,66
2019.02.22,60
2019.02.23,30
2019.02.24,29
2019.02.25,48
2019.02.26,65
2019.02.27,66
2019.02.28,58
2019.03.01,43
2019.03.02,28
2019.03.03,20
2019.03.04,42
2019.03.05,59
2019.03.06,48
2019.03.07,53
2019.03.08,43
2019.03.09,42
2019.03.10,16
2019.03.11,42
2019.03.12,54
2019.03.13,41
2019.03.14,49
2019.03.15,45
2019.03.16,60
2019.03.17,18
2019.03.18,42
2019.03.19,54
2019.03.20,42
2019.03.21,54
2019.03.22,48
2019.03.23,35
2019.03.24,24
2019.03.25,48
2019.03.26,48
2019.03.27,47
2019.03.28,57
2019.03.29,42
2019.03.30,39
2019.03.31,25
2019.04.01,45
2019.04.02,69
2019.04.03,57
2019.04.04,68
2019.04.05,52
2019.04.06,30
2019.04.07,31
2019.04.08,42
2019.04.09,48
2019.04.10,45
2019.04.11,45
2019.04.12,41
2019.04.13,27
2019.04.14,20
2019.04.15,39
2019.04.16,38
2019.04.17,42
2019.04.18,41
2019.04.19,43
2019.04.20,11
2019.04.21,25
2019.04.22,28
2019.04.23,31
2019.04.24,29
2019.04.25,42
2019.04.26,31
2019.04.27,14
2019.04.28,11
2019.04.29,33
2019.04.30,29
2019.05.01,24
2019.05.02,36
2019.05.03,36
2019.05.04,30
2019.05.05,18
2019.05.06,35
2019.05.07,37
2019.05.08,40
2019.05.09,42
2019.05.10,32
2019.05.11,40
2019.05.12,24
2019.05.13,31
2019.05.14,44
2019.05.15,41
2019.05.16,57
2019.05.17,51
2019.05.18,31
2019.05.19,20
2019.05.20,33
2019.05.21,41
2019.05.22,36
2019.05.23,44
2019.05.24,45
2019.05.25,30
2019.05.26,24
2019.05.27,30
2019.05.28,40
2019.05.29,32
2019.05.30,46
2019.05.31,31
2019.06.01,23
2019.06.02,24
2019.06.03,36
2019.06.04,36
2019.06.05,45
2019.06.06,38
2019.06.07,43
2019.06.08,25
2019.06.09,28
2019.06.10,48
2019.06.11,37
2019.06.12,32
2019.06.13,36
2019.06.14,42
2019.06.15,22
2019.06.16,20
2019.06.17,37
2019.06.18,44
2019.06.19,33
2019.06.20,35
2019.06.21,24
2019.06.22,29
2019.06.23,23
2019.06.24,37
2019.06.25,39
2019.06.26,62
2019.06.27,46
2019.06.28,37
2019.06.29,24
2019.06.30,24
2019.07.01,42
2019.07.02,35
2019.07.03,36
2019.07.04,36
2019.07.05,43
2019.07.06,18
2019.07.07,13
2019.07.08,23
2019.07.09,26
2019.07.10,29
2019.07.11,30
2019.07.12,30
2019.07.13,18
2019.07.14,21
2019.07.15,43
2019.07.16,29
2019.07.17,48
2019.07.18,28
2019.07.19,36
2019.07.20,16
2019.07.21,15
2019.07.22,23
2019.07.23,29
2019.07.24,25
2019.07.25,27
2019.07.26,27
2019.07.27,18
2019.07.28,12
2019.07.29,24
2019.07.30,24
2019.07.31,30
2019.08.01,29
2019.08.02,29
2019.08.03,14
2019.08.04,16
2019.08.05,28
2019.08.06,27
2019.08.07,27
2019.08.08,27
2019.08.09,30
2019.08.10,25
2019.08.11,12
2019.08.12,29
2019.08.13,25
2019.08.14,30
2019.08.15,22
2019.08.16,23
2019.08.17,14
2019.08.18,10
2019.08.19,34
2019.08.20,26
2019.08.21,35
2019.08.22,30
2019.08.23,32
2019.08.24,11
2019.08.25,15
2019.08.26,32
2019.08.27,24
2019.08.28,24
2019.08.29,30
2019.08.30,19
2019.08.31,11
2019.09.01,7
2019.09.02,24
2019.09.03,29
2019.09.04,19
2019.09.05,22
2019.09.06,23
2019.09.07,13
2019.09.08,19
2019.09.09,18
2019.09.10,18
2019.09.11,23
2019.09.12,12
2019.09.13,6
2019.09.14,7
2019.09.15,12
2019.09.16,16
2019.09.17,27
2019.09.18,19
2019.09.19,25
2019.09.20,26
2019.09.21,14
2019.09.22,17
2019.09.23,20
2019.09.24,23
2019.09.25,30
2019.09.26,24
2019.09.27,18
2019.09.28,11
2019.09.29,17
2019.09.30,25
2019.10.01,29
2019.10.02,16
2019.10.03,9
2019.10.04,24
2019.10.05,18
2019.10.06,17
2019.10.07,22
2019.10.08,25
2019.10.09,16
2019.10.10,24
2019.10.11,19
2019.10.12,14
2019.10.13,13
2019.10.14,24
2019.10.15,21
2019.10.16,18
2019.10.17,24
2019.10.18,19
2019.10.19,11
2019.10.20,16
2019.10.21,20
2019.10.22,19
2019.10.23,23
2019.10.24,29
2019.10.25,17
2019.10.26,25
2019.10.27,12
2019.10.28,23
2019.10.29,24
2019.10.30,27
2019.10.31,33
2019.11.01,22
2019.11.02,13
2019.11.03,17
2019.11.04,24
2019.11.05,26
2019.11.06,23
2019.11.07,24
2019.11.08,23
2019.11.09,11
2019.11.10,24
2019.11.11,31
2019.11.12,29
2019.11.13,25
2019.11.14,30
2019.11.15,25
2019.11.16,11
2019.11.17,18
2019.11.18,30
2019.11.19,29
2019.11.20,21
2019.11.21,27
2019.11.22,41
2019.11.23,13
2019.11.24,16
2019.11.25,34
2019.11.26,31
2019.11.27,28
2019.11.28,32
2019.11.29,24
2019.11.30,16
2019.12.01,7
2019.12.02,30
2019.12.03,30
2019.12.04,30
2019.12.05,25
2019.12.06,29
2019.12.07,12
2019.12.08,16
2019.12.09,20
2019.12.10,29
2019.12.11,28
2019.12.12,21
2019.12.13,29
2019.12.14,12
2019.12.15,11
2019.12.16,20
2019.12.17,29
2019.12.18,30
2019.12.19,30
2019.12.20,24
2019.12.21,5
2019.12.22,12
2019.12.23,17
2019.12.24,15
2019.12.25,8
2019.12.26,26
2019.12.27,29
2019.12.28,12
2019.12.29,7
2019.12.30,24
2019.12.31,13
2020.01.01,11
2020.01.02,11
2020.01.03,30
2020.01.04,6
2020.01.05,12
2020.01.06,36
2020.01.07,32
2020.01.08,37
2020.01.09,27
2020.01.10,20
2020.01.11,10
2020.01.12,11
2020.01.13,31
2020.01.14,31
2020.01.15,31
2020.01.16,24
2020.01.17,23
2020.01.18,12
2020.01.19,18
2020.01.20,17
2020.01.21,25
2020.01.22,24
2020.01.23,24
2020.01.24,14
2020.01.25,7
2020.01.26,8
2020.01.27,9
2020.01.28,20
2020.01.29,18
2020.01.30,22
2020.01.31,19
2020.02.01,16
2020.02.02,13
2020.02.03,19
2020.02.04,24
2020.02.05,24
2020.02.06,35
2020.02.07,24
2020.02.08,11
2020.02.09,21
2020.02.10,21
2020.02.11,30
2020.02.12,24
2020.02.13,38
2020.02.14,22
2020.02.15,12
2020.02.16,23
2020.02.17,31
2020.02.18,25
2020.02.19,29
2020.02.20,36
2020.02.21,36
2020.02.22,18
2020.02.23,21
2020.02.24,27
2020.02.25,30
2020.02.26,21
2020.02.27,39
2020.02.28,36
2020.02.29,22
2020.03.01,17
2020.03.02,23
2020.03.03,25
2020.03.04,35
2020.03.05,30
2020.03.06,19
2020.03.07,12
2020.03.08,12
2020.03.09,18
2020.03.10,24
2020.03.11,24
2020.03.12,48
2020.03.13,41
2020.03.14,23
2020.03.15,12
2020.03.16,25
2020.03.17,38
2020.03.18,26
2020.03.19,35
2020.03.20,24
2020.03.21,11
2020.03.22,18
2020.03.23,24
2020.03.24,24
2020.03.25,18
2020.03.26,17
2020.03.27,28
2020.03.28,11
2020.03.29,13
2020.03.30,18
2020.03.31,19
2020.04.01,18
2020.04.02,22
2020.04.03,22
2020.04.04,13
2020.04.05,7
2020.04.06,23
2020.04.07,22
2020.04.08,23
2020.04.09,25
2020.04.10,24
2020.04.11,6
2020.04.12,16
2020.04.13,25
2020.04.14,19
2020.04.15,12
2020.04.16,30
2020.04.17,19
2020.04.18,15
2020.04.19,11
2020.04.20,21
2020.04.21,24
2020.04.22,19
2020.04.23,24
2020.04.24,18
2020.04.25,9
2020.04.26,14
2020.04.27,18
2020.04.28,18
2020.04.29,15
2020.04.30,21
2020.05.01,13
2020.05.02,11
2020.05.03,12
2020.05.04,21
2020.05.05,16
2020.05.06,21
2020.05.07,29
2020.05.08,19
2020.05.09,9
2020.05.10,16
2020.05.11,24
2020.05.12,17
2020.05.13,17
2020.05.14,31
2020.05.15,23
2020.05.16,6
2020.05.17,12
2020.05.18,24
2020.05.19,29
2020.05.20,17
2020.05.21,23
2020.05.22,19
2020.05.23,12
2020.05.24,12
2020.05.25,18
2020.05.26,22
2020.05.27,31
2020.05.28,18
2020.05.29,13
2020.05.30,12
2020.05.31,17
2020.06.01,13
2020.06.02,27
2020.06.03,16
2020.06.04,22
2020.06.05,12
2020.06.06,6
2020.06.07,11
2020.06.08,15
2020.06.09,17
2020.06.10,10
2020.06.11,19
2020.06.12,11
2020.06.13,8
2020.06.14,16
2020.06.15,12
2020.06.16,18
2020.06.17,11
2020.06.18,12
2020.06.19,17
2020.06.20,5
2020.06.21,8
2020.06.22,17
2020.06.23,24
2020.06.24,18
2020.06.25,17
2020.06.26,10
2020.06.27,7
2020.06.28,7
2020.06.29,15
2020.06.30,21
2020.07.01,17
2020.07.02,18
2020.07.03,15
2020.07.04,9
2020.07.05,9
2020.07.06,12
2020.07.07,22
2020.07.08,19
2020.07.09,20
2020.07.10,13
2020.07.11,10
2020.07.12,5
2020.07.13,8
2020.07.14,17
2020.07.15,18
2020.07.16,20
2020.07.17,14
2020.07.18,6
2020.07.19,12
2020.07.20,11
2020.07.21,17
2020.07.22,18
2020.07.23,15
2020.07.24,14
2020.07.25,6
2020.07.26,13
2020.07.27,11
2020.07.28,29
2020.07.29,16
2020.07.30,12
2020.07.31,17
2020.08.01,6
2020.08.02,16
2020.08.03,7
2020.08.04,23
2020.08.05,12
2020.08.06,24
2020.08.07,15
2020.08.08,5
2020.08.09,8
2020.08.10,17
2020.08.11,21
2020.08.12,16
2020.08.13,20
2020.08.14,15
2020.08.15,7
2020.08.16,12
2020.08.17,13
2020.08.18,21
2020.08.19,13
2020.08.20,17
2020.08.21,17
2020.08.22,6
2020.08.23,10
2020.08.24,9
2020.08.25,4
2020.08.26,6
2020.08.27,11
2020.08.28,6
2020.08.29,6
2020.08.30,6
2020.08.31,6
2020.09.01,13
2020.09.02,9
2020.09.03,16
2020.09.04,8
2020.09.05,8
2020.09.06,11
2020.09.07,12
2020.09.08,13
2020.09.09,10
2020.09.10,16
2020.09.11,10
2020.09.12,5
2020.09.13,3
2020.09.14,5
2020.09.15,11
2020.09.16,10
2020.09.17,13
2020.09.18,6
2020.09.19,1
2020.09.20,5
2020.09.21,6
2020.09.22,11
2020.09.23,3
2020.09.24,10
2020.09.25,4
2020.09.26,1
2020.09.27,6
2020.09.28,4
2020.09.29,8
2020.10.01,1
2020.10.02,1
2020.10.03,2
2020.10.04,6
2020.10.05,6
2020.10.06,6
2020.10.07,6
2020.10.08,6
2020.10.09,6
2020.10.11,2
2020.10.12,5
2020.10.13,9
2020.10.14,9
2020.10.15,7
2020.10.16,5
2020.10.17,5
2020.10.18,7
2020.10.19,6
2020.10.20,10
2020.10.21,3
2020.10.22,8
2020.10.23,1
2020.10.24,1
2020.10.25,4
2020.10.26,1
2020.10.27,5
2020.10.28,11
2020.10.29,5
2020.10.30,7
2020.10.31,1
2020.11.02,5
2020.11.03,4
2020.11.04,8
2020.11.05,2
2020.11.06,10
2020.11.07,1
2020.11.08,6
2020.11.09,5
2020.11.10,6
2020.11.11,6
2020.11.12,1
2020.11.13,6
2020.11.15,5
2020.11.16,2
2020.11.17,4
2020.11.18,11
2020.11.19,6
2020.11.20,4
2020.11.21,2
2020.11.22,12
2020.11.23,6
2020.11.24,12
2020.11.25,9
2020.11.26,9
2020.11.27,11
2020.11.28,1
2020.11.29,6
2020.11.30,1
2020.12.01,5
2020.12.02,6
2020.12.03,5
2020.12.04,6
2020.12.05,4
2020.12.06,2
2020.12.07,4
2020.12.08,2
2020.12.09,6
2020.12.10,4
2020.12.11,1
2020.12.12,7
2020.12.13,10
2020.12.14,1
2020.12.15,5
2020.12.16,6
2020.12.17,12
2020.12.20,6
2020.12.21,5
2020.12.22,3
2020.12.23,9
2020.12.24,8
2020.12.25,4
2020.12.26,6
2020.12.27,4
2020.12.28,1
2020.12.29,10
2020.12.30,8
2020.12.31,6
2021.01.01,6
2021.01.02,5
2021.01.03,12
2021.01.04,13
2021.01.05,6
2021.01.06,12
2021.01.07,12
2021.01.08,6
2021.01.09,6
2021.01.10,6
2021.01.11,12
2021.01.12,12
2021.01.13,6
2021.01.14,9
2021.01.15,8
2021.01.16,6
2021.01.17,2
2021.01.18,4
2021.01.19,6
2021.01.20,6
2021.01.21,8
2021.01.22,9
2021.01.23,6
2021.01.24,5
2021.01.25,4
2021.01.26,5
2021.01.27,11
2021.01.28,11
2021.01.29,11
2021.01.30,2
2021.01.31,5
2021.02.01,21
2021.02.02,7
2021.02.03,6
2021.02.04,6
2021.02.05,5
2021.02.06,6
2021.02.07,4
2021.02.08,7
2021.02.09,12
2021.02.10,10
2021.02.11,6
2021.02.12,6
2021.02.13,11
2021.02.14,7
2021.02.15,5
2021.02.16,6
2021.02.17,10
2021.02.18,8
2021.02.19,12
2021.02.20,12
2021.02.21,6
2021.02.22,18
2021.02.23,17
2021.02.24,12
2021.02.25,11
2021.02.26,12
2021.02.27,5
2021.02.28,6
2021.03.01,6
2021.03.02,6
2021.03.03,6
2021.03.04,6
2021.03.05,6
2021.03.08,8
2021.03.09,9
2021.03.10,7
2021.03.11,6
2021.03.12,6
2021.03.13,6
2021.03.14,6
2021.03.15,6
2021.03.16,6
2021.03.17,7
2021.03.18,8
2021.03.19,8
2021.03.20,5
2021.03.21,2
2021.03.22,6
2021.03.23,6
2021.03.24,6
2021.03.25,6
2021.03.26,5
2021.03.27,1
2021.03.28,5
2021.03.29,7
2021.03.30,6
2021.03.31,6
2021.04.01,11
2021.04.02,7
2021.04.03,9
2021.04.04,4
2021.04.05,10
2021.04.06,11
2021.04.07,11
2021.04.08,7
2021.04.09,6
2021.04.11,5
2021.04.12,7
2021.04.13,6
2021.04.14,12
2021.04.15,6
2021.04.16,6
2021.04.18,6
2021.04.19,6
2021.04.20,12
2021.04.21,5
2021.04.22,7
2021.04.23,12
2021.04.24,6
2021.04.25,4
2021.04.26,5
2021.04.27,8
2021.04.28,6
2021.04.29,7
2021.04.30,6
