날짜,뉴스_변동성_전체,뉴스_변동성_크기,뉴스_변동성_방향
2021.04.30.,0.6667925674039263,1.64247311827957,2.5652173913043477
2021.04.29.,0.6684100871229283,1.8635235732009925,14.307692307692308
2021.04.28.,0.4827230890816687,1.8057210965435042,17.266666666666666
2021.04.27.,0.39444721212163036,2.5045592705167175,-69.05882352941177
2021.04.26.,0.04161816036789278,1.931937172774869,4.126436781609195
2021.04.25.,0.5472999846778172,1.4842931937172774,9.473684210526315
2021.04.24.,0.20625760262016196,1.8917910447761195,7.636363636363637
2021.04.23.,0.16890145124223288,1.512924071082391,3.7008797653958942
2021.04.22.,0.3488712683900317,1.4258555133079849,-26.5
2021.04.21.,0.2739506339664596,1.796641791044776,5.35
2021.04.20.,0.42776689184327377,1.5901386748844375,4.496815286624204
2021.04.19.,0.3463351111447879,1.410621761658031,-8.08974358974359
2021.04.18.,0.1925645684222671,1.5680473372781065,-2.911111111111111
2021.04.17.,0.7853230922380766,1.193103448275862,9.238095238095237
2021.04.16.,0.5298902833595878,1.6790123456790123,5.107142857142857
2021.04.15.,0.5007107769730067,1.7336769759450172,12.104477611940299
2021.04.14.,0.7917880380256114,1.5896414342629481,-74.875
2021.04.13.,0.7992722109034865,1.3294392523364487,1.9356223175965666
2021.04.12.,0.39120061830182434,3.1596638655462184,8.431818181818182
2021.04.11.,0.8265248793541559,1.7088607594936709,1.7536231884057971
2021.04.10.,0.7906600363634166,1.355263157894737,1.5692307692307692
2021.04.09.,0.5322734169829803,3.6808510638297873,2.17816091954023
2021.04.08.,0.3446425333347168,1.90625,1.9583333333333333
2021.04.07.,0.8434192244302133,1.5436893203883495,11.81081081081081
2021.04.06.,0.9246608025412622,1.5966666666666667,1.935323383084577
2021.04.05.,0.714537565980306,1.88135593220339,1.4464944649446494
2021.04.04.,0.9143587109783254,1.59375,2.210526315789474
2021.04.03.,0.857922011131226,1.1925465838509317,3.4166666666666665
2021.04.02.,0.8152060267572754,1.3682926829268294,1.736842105263158
2021.04.01.,0.8151288456022041,1.3623445825932505,1.8333333333333333
2021.03.31.,0.7638338130340174,1.5705882352941176,1.5169491525423728
2021.03.30.,0.7733832946443483,2.3945578231292517,1.434920634920635
2021.03.29.,0.5052687381476129,10.941176470588236,2.1578947368421053
2021.03.28.,0.712832669786553,1.9411764705882353,1.8
2021.03.27.,0.6926556210410547,2.4761904761904763,1.4186046511627908
2021.03.26.,0.5142036445912457,1.6388888888888888,1.8992248062015504
2021.03.25.,0.78859188760483,1.5753424657534247,2.0232558139534884
2021.03.24.,0.5522504884209404,1.575,3.625
2021.03.23.,-0.32287048390282946,1.8267148014440433,3.0064935064935066
2021.03.22.,0.20005298291076978,1.5772727272727274,16.466666666666665
2021.03.21.,0.8060235778963596,5.5,2.638888888888889
2021.03.20.,0.534790389371184,2.2162162162162162,3.3636363636363638
2021.03.19.,0.4633861255828055,6.1875,1.908496732026144
2021.03.18.,0.3862390994126002,1.8238341968911918,2.282608695652174
2021.03.17.,0.3867353381640965,1.3695652173913044,3.8703703703703702
2021.03.16.,0.55682069638096,1.4423076923076923,2.2824858757062145
2021.03.15.,0.8519684972791173,1.5719063545150502,2.1538461538461537
2021.03.14.,0.9520225989845804,1.2691029900332227,1.4205128205128206
2021.03.13.,0.922572255400806,1.1643835616438356,1.5034013605442176
2021.03.12.,0.8830462259339945,1.462686567164179,1.6158536585365855
2021.03.11.,0.8731753982743634,1.4311926605504588,1.696629213483146
2021.03.10.,0.7481306134736598,1.462962962962963,2.2467532467532467
2021.03.09.,0.7043469196735456,1.540084388185654,2.242857142857143
2021.03.08.,0.7150689767563995,1.3514150943396226,2.1797752808988764
2021.03.07.,1.0,1.2340425531914894,2.375
2021.03.06.,0.8229017354815421,1.8181818181818181,2.2941176470588234
2021.03.05.,0.340870230049767,2.6493506493506493,1.624113475177305
2021.03.04.,0.8074937066035904,1.4068965517241379,2.6507936507936507
2021.03.03.,0.7372075060834448,1.838235294117647,2.1941747572815533
2021.03.02.,0.753017810815708,1.5822222222222222,2.369747899159664
2021.03.01.,0.4984585265169991,1.4090909090909092,1.8076923076923077
2021.02.28.,-0.023709582462713368,1.626865671641791,-13.8
2021.02.27.,0.9035389750090768,1.8160919540229885,3.0652173913043477
2021.02.26.,0.6152757637512623,1.7037037037037037,4.261904761904762
2021.02.25.,0.7420761072521609,1.4609665427509293,3.5844155844155843
2021.02.24.,0.48076103185914926,1.3408071748878925,2.435
2021.02.23.,0.15085262315135134,1.2493333333333334,2.5104166666666665
2021.02.22.,0.8453023392415885,1.4786821705426356,1.942363112391931
2021.02.21.,0.676801400944848,1.2876106194690264,1.8222222222222222
2021.02.20.,0.9669746222650347,1.1436781609195403,1.9215686274509804
2021.02.19.,0.6158040186616888,1.3611111111111112,3.1650485436893203
2021.02.18.,0.7829682771681488,1.223728813559322,5.673913043478261
2021.02.17.,0.9102182221592942,1.2802547770700636,1.559718969555035
2021.02.16.,0.8599920927448098,1.2055555555555555,1.8430232558139534
2021.02.15.,0.8889506503750261,1.4263157894736842,5.305555555555555
2021.02.14.,0.9391871164842217,1.5106382978723405,3.75
2021.02.13.,0.8808006052859877,1.9090909090909092,2.1964285714285716
2021.02.12.,0.6012418987993051,2.4390243902439024,25.0
2021.02.11.,1.0,1.4666666666666666,8.571428571428571
2021.02.10.,0.882365394886293,1.355421686746988,2.4814814814814814
2021.02.09.,0.8967323091759405,1.2450090744101634,3.2346368715083798
2021.02.08.,0.7658220691121989,1.7826086956521738,2.158536585365854
2021.02.07.,0.9055422683658697,1.75,1.9210526315789473
2021.02.06.,0.8209029374561863,1.2987012987012987,5.0
2021.02.05.,0.43484520830710566,13.444444444444445,1.8695652173913044
2021.02.04.,0.3724704409446351,-5.8,67.66666666666667
2021.02.03.,0.18421082812948752,1.2548076923076923,5.0
2021.02.02.,0.47529359970666213,1.4732824427480915,1.9772727272727273
2021.02.01.,0.45764749961566187,2.4857142857142858,1.9285714285714286
2021.01.31.,1.0,1.6923076923076923,1.4285714285714286
2021.01.30.,0.5698352919208641,1.2413793103448276,1.7857142857142858
2021.01.29.,0.6992806823255158,1.5175438596491229,1.9594594594594594
2021.01.28.,0.4806530553490817,1.6282051282051282,2.75
2021.01.27.,0.5897268222209453,1.8095238095238095,4.166666666666667
2021.01.26.,0.5726479922257781,8.0625,24.75
2021.01.25.,0.6136832537966143,2.097560975609756,1.8333333333333333
2021.01.24.,0.11962439726446075,1.4242424242424243,2.375
2021.01.23.,1.0,1.1627906976744187,1.6956521739130435
2021.01.22.,0.4609496443059944,1.3478260869565217,1.7322834645669292
2021.01.21.,0.3948221274528858,1.584070796460177,3.263157894736842
2021.01.20.,0.7200910790456883,-3.0508474576271185,10.3
2021.01.19.,0.04069117231027439,3.914285714285714,7.8
2021.01.18.,0.5802826363459198,3.422222222222222,2.3857142857142857
2021.01.17.,0.09383065260274949,1.3888888888888888,-3.2857142857142856
2021.01.16.,0.9451515671794916,1.1818181818181819,11.0
2021.01.15.,0.6325440679500501,1.3867924528301887,4.4
2021.01.14.,0.4884168276662676,1.6149425287356323,3.627450980392157
2021.01.13.,0.32347648224439995,1.2311827956989247,3.422222222222222
2021.01.12.,0.1417907135848544,1.3111888111888113,-6.451612903225806
2021.01.11.,0.24140624236033587,1.3872832369942196,3.5
2021.01.10.,0.31267777574965083,1.5245901639344261,-2.227272727272727
2021.01.09.,0.00020192412839712992,1.40625,-0.9166666666666666
2021.01.08.,0.6537842490823081,1.1096774193548387,3.219298245614035
2021.01.07.,0.5467233985915296,1.324742268041237,2.62
2021.01.06.,0.8640026551548922,2.358490566037736,2.2448979591836733
2021.01.05.,0.4910539061296684,1.644859813084112,2.7115384615384617
2021.01.04.,0.8702976641562162,1.539568345323741,3.239130434782609
2021.01.03.,0.9563213028993289,1.0833333333333333,1.235632183908046
2021.01.02.,0.9336887015402308,1.173913043478261,2.1875
2021.01.01.,0.8857043666316416,1.625,1.9230769230769231
2020.12.31.,0.7206826434958489,1.4586776859504131,-4.921052631578948
2020.12.30.,0.5998910286817581,1.4210526315789473,1.4375
2020.12.29.,0.3263491905487413,1.6216216216216217,5.833333333333333
2020.12.28.,0.9107455745823257,1.4390243902439024,1.875
2020.12.27.,0.9425960892595895,1.2133333333333334,1.3814432989690721
2020.12.26.,1.0,1.1923076923076923,-8.5
2020.12.25.,0.8825756995290159,1.4193548387096775,2.0
2020.12.24.,0.2960743452593983,2.9565217391304346,2.2222222222222223
2020.12.23.,0.3330470787163253,1.9887640449438202,1.9382716049382716
2020.12.22.,0.217497925948644,1.1746794871794872,-0.8920454545454546
2020.12.21.,0.7769439373468231,1.2521891418563922,-0.9230769230769231
2020.12.20.,0.8798705103004033,6.0,
2020.12.19.,1.0,1.0740740740740742,1.3125
2020.12.18.,0.8460421820447503,1.3333333333333333,1.9318181818181819
2020.12.17.,0.9588935131417995,1.1888111888111887,1.3203883495145632
2020.12.16.,0.3678229537869181,1.4366197183098592,1.891304347826087
2020.12.15.,0.13133500251719513,2.617021276595745,4.826086956521739
2020.12.14.,0.7210264624988242,1.8,1.6666666666666667
2020.12.13.,0.4741645696880471,2.5,1.7272727272727273
2020.12.12.,1.0,1.2307692307692308,1.8333333333333333
2020.12.11.,-0.14673959983281185,1.5285714285714285,24.0
2020.12.10.,-0.26046468049918386,2.2666666666666666,4.043478260869565
2020.12.09.,-0.03142023608340104,2.4130434782608696,1.620253164556962
2020.12.08.,-0.13108530703370883,1.5454545454545454,-3.310344827586207
2020.12.07.,0.9698411696460227,3.7,-11.5
2020.12.06.,0.6368875740143474,2.590909090909091,1.7741935483870968
2020.12.05.,0.04635893272846039,-1.3333333333333333,1.5
2020.12.04.,0.32614328561963407,1.6931818181818181,-12.0
2020.12.03.,0.6951573357431373,4.588235294117647,1.8048780487804879
2020.12.02.,0.4171854443123629,2.176470588235294,7.571428571428571
2020.12.01.,0.9352657226131331,1.722543352601156,2.447058823529412
2020.11.30.,0.34446642141987643,1.5256410256410255,1.7586206896551724
2020.11.29.,1.0,1.25,1.3333333333333333
2020.11.28.,0.30652065137437545,1.205128205128205,2.888888888888889
2020.11.27.,-0.2583785763101365,2.657142857142857,-8.25
2020.11.26.,-0.47281825651430054,2.004149377593361,-1.4651162790697674
2020.11.25.,0.9264269651502322,1.6777777777777778,1.6973684210526316
2020.11.24.,0.7236068399927166,1.4291497975708503,1.2592592592592593
2020.11.23.,0.7213350547509384,6.2,-24.5
2020.11.22.,0.7312645508825685,1.5263157894736843,-2.625
2020.11.21.,0.9273184662165952,1.5454545454545454,6.8
2020.11.20.,0.6610669237521813,1.4133333333333333,2.40625
2020.11.19.,0.8455573975591931,5.0625,1.6238532110091743
2020.11.18.,0.8943441447549818,1.2735849056603774,1.4620253164556962
2020.11.17.,0.9000677427757953,2.8260869565217392,1.6153846153846154
2020.11.16.,0.6661451955737183,1.8085106382978724,1.588235294117647
2020.11.15.,1.0,-0.6666666666666666,2.0
2020.11.14.,1.0,-0.8571428571428571,-1.25
2020.11.13.,0.6715222405250744,5.25,1.4841269841269842
2020.11.12.,0.9216353645708653,15.5,1.290909090909091
2020.11.11.,0.5589766906469107,4.2727272727272725,1.6388888888888888
2020.11.10.,0.016120492115891095,5.818181818181818,-4.0
2020.11.09.,0.8210193214107475,-1.146067415730337,-0.9387755102040817
2020.11.08.,0.5815329711505967,2.2142857142857144,3.25
2020.11.07.,0.9353820077920643,2.1,-2.0
2020.11.06.,0.8039516198420272,7.117647058823529,29.75
2020.11.05.,0.9717397233368418,1.4411764705882353,1.425
2020.11.04.,0.20243772812266625,2.0377358490566038,2.7209302325581395
2020.11.03.,0.17246843681824303,6.125,1.5263157894736843
2020.11.02.,0.6135114931681495,4.542857142857143,6.666666666666667
2020.11.01.,0.8289589193988756,2.3333333333333335,9.25
2020.10.31.,0.7833939091975315,1.95,1.25
2020.10.30.,0.8818547855852287,5.363636363636363,1.5833333333333333
2020.10.29.,0.2535242365355866,5.318181818181818,2.4745762711864407
2020.10.28.,0.4478531045337116,2.4210526315789473,-91.0
2020.10.27.,0.7157508377487901,2.0217391304347827,2.4
2020.10.26.,0.05106777314899561,1.64,1.8571428571428572
2020.10.25.,1.0,5.0,3.7142857142857144
2020.10.24.,1.0,11.0,1.3846153846153846
2020.10.23.,0.08441454205570198,4.290322580645161,5.944444444444445
2020.10.22.,0.833671975330522,9.227272727272727,3.622950819672131
2020.10.21.,-0.0617432846827892,9.80952380952381,-6.517241379310345
2020.10.20.,0.05285850232609745,1.7878787878787878,2.5142857142857142
2020.10.19.,-0.2887070096753094,2.7,2.673076923076923
2020.10.18.,1.0,-1.1818181818181819,5.0
2020.10.17.,0.43311954877221487,-3.9166666666666665,2.0
2020.10.16.,-0.3475298686309712,2.7916666666666665,9.214285714285714
2020.10.15.,0.5433592192576865,18.714285714285715,3.261904761904762
2020.10.14.,0.4042304606045629,24.5,2.9411764705882355
2020.10.13.,0.5116172638608357,2.2972972972972974,-14.25
2020.10.12.,0.3784612916527766,2.0875,1.6571428571428573
2020.10.11.,-0.20654979903856743,-1.5454545454545454,1.5172413793103448
2020.10.10.,0.3352877617999874,1.2272727272727273,-4.0
2020.10.09.,0.1847263680133345,1.9545454545454546,3.3076923076923075
2020.10.08.,-0.5701655946861067,24.0,-8.0
2020.10.07.,0.2466225578158184,1.4210526315789473,2.6923076923076925
2020.10.06.,0.2515235716610907,-18.0,14.5
2020.10.05.,0.15930638387321944,-4.357142857142857,1.853658536585366
2020.10.04.,-0.20639304660643384,4.142857142857143,3.7142857142857144
2020.10.03.,-0.08610535979504258,-3.3333333333333335,
2020.10.02.,1.0,-1.0,11.0
2020.10.01.,0.795351808194324,2.1666666666666665,3.25
2020.09.30.,1.0,-1.6,-15.0
2020.09.29.,0.19817248340592458,-6.875,1.5806451612903225
2020.09.28.,0.3386914874547273,-4.5,-21.0
2020.09.27.,0.19484956246922913,-2.4444444444444446,1.2941176470588236
2020.09.26.,0.8174143903269362,-0.5555555555555556,2.2222222222222223
2020.09.25.,0.34169638356691256,3.5625,7.0
2020.09.24.,0.8194624783235972,2.15625,6.4
2020.09.23.,-0.01573284876292369,1.4936708860759493,-2.9583333333333335
2020.09.22.,0.05501863614735945,12.25,2.608695652173913
2020.09.21.,0.6707188364131176,4.0,8.0
2020.09.20.,-0.6699466279744886,5.333333333333333,-1.4615384615384615
2020.09.19.,-1.0,,1.2
2020.09.18.,0.5054754432101201,-22.0,3.1176470588235294
2020.09.17.,-0.27304576483201837,1.5952380952380953,-1.2222222222222223
2020.09.16.,0.11604284855914865,2.0344827586206895,1.9444444444444444
2020.09.15.,0.3978323449046102,3.4545454545454546,1.5483870967741935
2020.09.14.,0.3369345594205089,2.25,2.033333333333333
2020.09.13.,0.11064581677702236,3.0,1.4375
2020.09.12.,0.4542290215353007,8.5,1.9
2020.09.11.,0.0004110239432448329,-0.8214285714285714,2.1153846153846154
2020.09.10.,0.18396123774295647,2.5652173913043477,1.3492063492063493
2020.09.09.,0.43978047883763716,1.8412698412698412,-26.666666666666668
2020.09.08.,-0.20054345126179962,-5.0,1.5603448275862069
2020.09.07.,-0.04271863928940632,4.05,2.395348837209302
2020.09.06.,-0.309416602938906,-4.0,-2.7142857142857144
2020.09.05.,0.4017579464773839,1.3,-2.0
2020.09.04.,-0.046083029069777084,-9.875,2.2093023255813953
2020.09.03.,-0.002063829793720954,2.909090909090909,15.4
2020.09.02.,-0.34027219532851805,3.0,11.1
2020.09.01.,0.6980133995300728,2.9,2.0
2020.08.31.,0.16781425774503395,-2.6,7.857142857142857
2020.08.30.,0.8047014576159596,9.25,1.28125
2020.08.29.,1.0,2.0,-0.4
2020.08.28.,-0.2333126561454862,1.5256410256410255,1.9333333333333333
2020.08.27.,0.3372890486088307,4.913043478260869,19.6
2020.08.26.,0.050144416211719535,10.285714285714286,1.5909090909090908
2020.08.25.,0.4775632669354886,5.555555555555555,2.5714285714285716
2020.08.24.,0.771442537197616,-4.625,1.63013698630137
2020.08.23.,1.0,-3.3333333333333335,-1.0
2020.08.22.,1.0,-0.16666666666666666,1.146341463414634
2020.08.21.,0.6010267255713877,-0.6568627450980392,1.984375
2020.08.20.,0.5049510010437347,7.8,1.6666666666666667
2020.08.19.,0.5258039178314764,3.388888888888889,2.4074074074074074
2020.08.18.,0.5716454551906371,27.333333333333332,13.0
2020.08.17.,0.42667213098104484,1.9166666666666667,1.5517241379310345
2020.08.16.,1.0,-1.0769230769230769,1.1818181818181819
2020.08.15.,0.9263032095556354,-1.5,1.2222222222222223
2020.08.14.,0.2287780135185924,27.5,1.6486486486486487
2020.08.13.,0.2371074300682512,6.666666666666667,2.4375
2020.08.12.,-0.37474714250446667,2.4615384615384617,1.4074074074074074
2020.08.11.,0.10074411704733677,2.4893617021276597,2.1636363636363636
2020.08.10.,0.22433463654770097,8.5,3.6470588235294117
2020.08.09.,0.7841333340985069,-10.5,3.5
2020.08.08.,-0.4394063303168109,2.1578947368421053,1.6296296296296295
2020.08.07.,-0.7927666350770237,-2.2465753424657535,-0.27385892116182575
2020.08.06.,0.3762511555162209,5.6923076923076925,1.875
2020.08.05.,-0.10241044891913167,6.2105263157894735,1.5702479338842976
2020.08.04.,0.45645337233530914,21.285714285714285,3.0727272727272728
2020.08.03.,0.7827605872464689,1.4838709677419355,2.772727272727273
2020.08.02.,0.752227369938057,1.1794871794871795,-20.0
2020.08.01.,0.9173613285684762,2.125,2.1538461538461537
2020.07.31.,0.2402134037825025,2.1,2.210526315789474
2020.07.30.,0.7459759828403071,2.096774193548387,9.6
2020.07.29.,1.0,1.4166666666666667,1.725
2020.07.28.,0.8900810285638586,8.7,3.3846153846153846
2020.07.27.,0.9698027017900593,2.7254901960784315,3.4722222222222223
2020.07.26.,0.43878579167318293,3.3846153846153846,7.0
2020.07.25.,0.5263138177554134,-1.0,2.0
2020.07.24.,0.7528157563136589,8.0,1.8
2020.07.23.,0.6957534932335745,-3.4827586206896552,1.8125
2020.07.22.,0.7581892844199777,-2.6623376623376624,2.9382716049382718
2020.07.21.,0.6656363908859151,-8.2,7.2
2020.07.20.,0.42044155918725573,2.9523809523809526,2.0625
2020.07.19.,0.6600698321520193,-0.8,1.5555555555555556
2020.07.18.,0.6358722420323231,-1.6956521739130435,-1.4545454545454546
2020.07.17.,0.6508278902882993,-4.195121951219512,-0.6129032258064516
2020.07.16.,-0.40853616972561935,27.833333333333332,-3.3636363636363638
2020.07.15.,0.4403403128106704,5.944444444444445,7.666666666666667
2020.07.14.,0.9416600801205698,3.433333333333333,2.6
2020.07.13.,0.14147099853134307,-6.769230769230769,-2.066666666666667
2020.07.12.,0.14974761556432523,-0.4074074074074074,-0.4230769230769231
2020.07.11.,1.0,,
2020.07.10.,0.5547107633134624,2.4705882352941178,1.9761904761904763
2020.07.09.,0.22974469356162588,3.1666666666666665,-1.829268292682927
2020.07.08.,0.19486236741672938,7.4,3.673076923076923
2020.07.07.,0.7745937956186908,2.625,20.571428571428573
2020.07.06.,0.48663907519358135,-1.7209302325581395,-0.9811320754716981
2020.07.05.,-0.6197866982700208,-3.0,
2020.07.04.,0.8855892183505389,-0.5769230769230769,1.3
2020.07.03.,0.1533634727872411,-4.555555555555555,-4.333333333333333
2020.07.02.,0.6101510732560413,2.5384615384615383,11.571428571428571
2020.07.01.,0.26789297431197623,-88.0,1.5894736842105264
2020.06.30.,0.2874454089424721,-3.9655172413793105,-1.6727272727272726
2020.06.29.,0.4609147364282576,-67.0,2.128205128205128
2020.06.28.,0.25888135476404617,-5.2,1.9444444444444444
2020.06.27.,1.0,-4.25,1.6923076923076923
2020.06.26.,0.20637226920200755,-0.6834532374100719,-1.4285714285714286
2020.06.25.,0.5402031687343252,-3.3,5.25
2020.06.24.,0.3228899326680059,43.0,2.156862745098039
2020.06.23.,0.25329749292134507,17.5,17.666666666666668
2020.06.22.,0.13759462407386103,2.9705882352941178,-11.533333333333333
2020.06.21.,0.31336817580578763,-1.0638297872340425,-0.6538461538461539
2020.06.20.,-0.5584718699311197,-1.7142857142857142,3.875
2020.06.19.,0.06318473688407267,-4.909090909090909,2.7083333333333335
2020.06.18.,0.3025077174133211,-2.393939393939394,6.857142857142857
2020.06.17.,0.2259237491502938,-2.3194444444444446,-1.5063291139240507
2020.06.16.,0.5286919301376154,-1.180327868852459,-6.714285714285714
2020.06.15.,1.0,-1.59375,1.763157894736842
2020.06.14.,0.09225947160744546,-0.5714285714285714,-0.8275862068965517
2020.06.13.,-0.07251748435417381,-1.054054054054054,-0.66
2020.06.12.,0.2752570423636194,3.696969696969697,3.341463414634146
2020.06.11.,-0.35019629701712013,1.9285714285714286,-1.2
2020.06.10.,-0.026162421752542714,-28.5,2.1724137931034484
2020.06.09.,0.2510301504186173,6.25,-3.5
2020.06.08.,0.7137377212532153,-2.5238095238095237,2.0526315789473686
2020.06.07.,0.032632538494143645,-7.75,2.0476190476190474
2020.06.06.,-0.18142552397450432,-10.5,2.111111111111111
2020.06.05.,0.37151106146865065,-3.9047619047619047,1.8837209302325582
2020.06.04.,0.8786794536977215,-1.8095238095238095,1.7384615384615385
2020.06.03.,0.17678457061114267,4.136363636363637,-2.4761904761904763
2020.06.02.,1.0,1.6288659793814433,-1.2295081967213115
2020.06.01.,0.395942335962482,1.5384615384615385,1.9411764705882353
2020.05.31.,1.0,1.6842105263157894,-1.3636363636363635
2020.05.30.,1.0,-7.666666666666667,-4.5
2020.05.29.,-0.09493021142676768,1.6170212765957446,-4.625
2020.05.28.,0.7569109642078727,1.4782608695652173,1.711111111111111
2020.05.27.,0.6027401233098547,1.7692307692307692,4.321428571428571
2020.05.26.,-0.0901696699019942,2.375,3.142857142857143
2020.05.25.,0.5905773990554904,3.8666666666666667,2.789473684210526
2020.05.24.,-0.16845935581826893,3.1,24.0
2020.05.23.,0.4930041918905548,-16.0,4.75
2020.05.22.,0.29073948490672397,-4.416666666666667,1.75
2020.05.21.,0.07845863799067125,3.96,-1.8529411764705883
2020.05.20.,0.5064002492632887,2.020408163265306,4.466666666666667
2020.05.19.,0.0079473051060322,-49.333333333333336,-15.5
2020.05.18.,0.7126794041019293,-11.857142857142858,3.096774193548387
2020.05.17.,0.6007249373110248,3.727272727272727,2.3333333333333335
2020.05.16.,0.2474629044687697,-5.5,-0.6666666666666666
2020.05.15.,0.7280853135278773,-0.6713286713286714,-0.6506024096385542
2020.05.14.,0.8832600243536101,6.6,4.096774193548387
2020.05.13.,0.8864365455332781,1.671875,1.3875
2020.05.12.,0.17669682012533117,2.8125,4.157894736842105
2020.05.11.,0.4491553122002605,4.571428571428571,-2.6315789473684212
2020.05.10.,-0.28466031510225026,8.0,6.0
2020.05.09.,1.0,1.8,19.0
2020.05.08.,0.8082059982852541,2.8,-3.217391304347826
2020.05.07.,0.7392483069730909,1.732394366197183,1.9411764705882353
2020.05.06.,0.9152312107964156,1.726530612244898,7.1063829787234045
2020.05.05.,0.027618061318975547,-2.4545454545454546,
2020.05.04.,0.18778660191079935,18.0,64.0
2020.05.03.,0.6728014697062803,-54.0,3.823529411764706
2020.05.02.,0.9078793207915545,9.666666666666666,1.9375
2020.05.01.,0.8695384703965859,2.4107142857142856,2.604651162790698
2020.04.30.,0.9248805921382464,2.9166666666666665,2.8333333333333335
2020.04.29.,0.2346153104668556,1.957142857142857,-1.7878787878787878
2020.04.28.,0.3653558357054618,,4.208333333333333
2020.04.27.,0.6557678370914635,-1.6635514018691588,4.086956521739131
2020.04.26.,1.0,1.5517241379310345,
2020.04.25.,0.48358553417743294,-0.6296296296296297,4.176470588235294
2020.04.24.,0.3718655653800683,-0.5159574468085106,3.043010752688172
2020.04.23.,0.6075190063510113,2.084507042253521,2.693877551020408
2020.04.22.,0.6591901653271156,4.153846153846154,1.7027027027027026
2020.04.21.,0.08692881395840779,-4.333333333333333,3.268292682926829
2020.04.20.,0.13881927940193947,2.5714285714285716,-12.333333333333334
2020.04.19.,0.639713723514952,6.5,2.857142857142857
2020.04.18.,-0.2528837578129957,1.6875,20.0
2020.04.17.,0.8053435905424557,4.075,5.074074074074074
2020.04.16.,-0.20502878742455963,1.7752808988764044,4.913043478260869
2020.04.15.,0.2234405090855085,4.25,-0.8695652173913043
2020.04.14.,0.5736779686407412,2.761904761904762,-3.6666666666666665
2020.04.13.,0.8357797128309297,1.7405857740585775,-0.6188811188811189
2020.04.12.,0.8326528278888138,-5.75,2.28
2020.04.11.,-0.40135623866746456,-6.0,4.5
2020.04.10.,0.3355700511315391,1.9285714285714286,
2020.04.09.,0.13531169286986267,3.4,-6.923076923076923
2020.04.08.,0.9777845134427685,1.5522388059701493,4.588235294117647
2020.04.07.,0.4620171787460017,2.2051282051282053,-20.6
2020.04.06.,-0.6637721106607475,4.855072463768116,4.3
2020.04.05.,-0.6627349877122176,-19.0,-0.7058823529411765
2020.04.04.,1.0,-1.25,-2.6666666666666665
2020.04.03.,0.7111491250932156,3.0434782608695654,-54.0
2020.04.02.,-0.06141207960098104,-79.0,7.375
2020.04.01.,0.5231734734387159,2.913793103448276,4.25
2020.03.31.,0.8676402292331888,3.0,5.177777777777778
2020.03.30.,0.16276189352453121,2.6043956043956045,-3.975609756097561
2020.03.29.,0.5154471991677813,1.4791666666666667,-0.6666666666666666
2020.03.28.,0.7577497077395003,1.3166666666666667,-0.7941176470588235
2020.03.27.,0.32446669718089477,1.6842105263157894,-1.5454545454545454
2020.03.26.,-0.47848895846134915,8.825,3.7590361445783134
2020.03.25.,0.49541183200951505,2.28,-2.9491525423728815
2020.03.24.,0.22319479350014168,3.1452991452991452,-55.2
2020.03.23.,0.5908529142532906,2.183673469387755,6.52
2020.03.22.,0.6302225994912412,2.9,-3.4615384615384617
2020.03.21.,0.7466210999977053,3.462962962962963,-22.333333333333332
2020.03.20.,0.16514122099921755,6.085714285714285,5.931034482758621
2020.03.19.,0.1540711847554818,3.1333333333333333,3.65
2020.03.18.,0.21911298289144254,3.2857142857142856,
2020.03.17.,-0.08440411518393483,3.0303030303030303,-35.0
2020.03.16.,0.6490700934771154,2.375,-10.857142857142858
2020.03.15.,-0.08209360131492342,3.909090909090909,2.2222222222222223
2020.03.14.,0.8817632091044502,1.5454545454545454,4.333333333333333
2020.03.13.,-0.19661332530653527,1.46875,3.4814814814814814
2020.03.12.,0.4137545449097356,4.136363636363637,-7.25
2020.03.11.,0.5316197344717887,3.7142857142857144,4.2727272727272725
2020.03.10.,-0.13537389039745074,1.9743589743589745,4.25
2020.03.09.,0.1083340680620998,2.382978723404255,2.7777777777777777
2020.03.08.,0.024697925142301288,1.7391304347826086,-0.6842105263157895
2020.03.07.,-0.7409060970291578,1.8214285714285714,-0.3448275862068966
2020.03.06.,-0.19581168143041955,2.7674418604651163,3.130434782608696
2020.03.05.,-0.5512875431375661,-28.0,6.0
2020.03.04.,-0.5419261542200426,-4.176470588235294,4.461538461538462
2020.03.03.,0.4665000682802879,3.1538461538461537,15.75
2020.03.02.,-0.45731533840641564,1.7346938775510203,2.761904761904762
2020.03.01.,-0.38666527417317414,2.4615384615384617,2.5
2020.02.29.,-0.7127490583208672,3.0,11.0
2020.02.28.,0.12350832158945088,12.142857142857142,-3.2142857142857144
2020.02.27.,0.976181431054306,-11.75,3.1538461538461537
2020.02.26.,-0.056362231752201515,4.222222222222222,-1.8461538461538463
2020.02.25.,-0.47411854099390427,1.6046511627906976,-2.4615384615384617
2020.02.24.,0.39828146761231825,2.1481481481481484,-9.0
2020.02.23.,1.0,,6.5
2020.02.22.,0.6109959103554178,3.5,-0.4375
2020.02.21.,1.0,-10.0,-4.0
2020.02.20.,1.0,-2.625,1.3728813559322033
2020.02.19.,-0.2840934298574417,2.8125,
2020.02.18.,0.27872954808189193,1.3823529411764706,8.333333333333334
2020.02.17.,0.24052614414390927,3.4583333333333335,-2.0344827586206895
2020.02.16.,1.0,-25.0,1.434782608695652
2020.02.15.,-1.0,1.4,-0.42857142857142855
2020.02.14.,1.0,,1.3076923076923077
2020.02.13.,0.43282706764685686,6.0,10.0
2020.02.12.,0.1545518024111737,-3.25,1.7647058823529411
2020.02.11.,0.9811845797104093,1.5084745762711864,3.5714285714285716
2020.02.10.,1.0,1.696969696969697,2.5
2020.02.09.,1.0,5.666666666666667,1.3888888888888888
2020.02.08.,-0.42860497380682305,9.0,1.4285714285714286
2020.02.07.,0.9824040266462962,1.5116279069767442,5.714285714285714
2020.02.06.,0.3232072497117351,1.596774193548387,2.6774193548387095
2020.02.05.,-0.17002027539271888,1.8837209302325582,2.1333333333333333
2020.02.04.,-0.06405450692131356,-9.625,-2.8095238095238093
2020.02.03.,-0.5179437317677597,-0.9482758620689655,7.3
2020.02.02.,-0.07452288811719536,-2.3333333333333335,-1.7142857142857142
2020.02.01.,0.4701199338487606,-1.2,2.0
2020.01.31.,-0.4926856855052183,-10.875,1.3557692307692308
2020.01.30.,-0.19094054749086234,1.9696969696969697,5.555555555555555
2020.01.29.,1.0,-2.5625,1.4150943396226414
2020.01.28.,0.6458815417460799,-2.0833333333333335,1.3270440251572326
2020.01.27.,0.7681388839057732,2.3125,2.642857142857143
2020.01.26.,-0.42860497380682305,1.8571428571428572,2.3333333333333335
2020.01.25.,0.6152944201974448,-1.8,4.0
2020.01.24.,0.4011584566445732,-1.8181818181818181,1.3333333333333333
2020.01.23.,1.0,5.0,-3.2
2020.01.22.,0.7527251766169933,2.28,-2.2857142857142856
2020.01.21.,0.8758177144036605,13.0,4.153846153846154
2020.01.20.,0.5736595947995665,-23.2,-11.833333333333334
2020.01.19.,0.04029525440512851,2.142857142857143,-15.0
2020.01.18.,1.0,-1.5,1.25
2020.01.17.,0.5035371685425559,2.1818181818181817,6.0
2020.01.16.,-0.5353063067948775,7.315789473684211,5.5
2020.01.15.,0.6935159611064065,1.9423076923076923,1.5
2020.01.14.,0.5353200708411814,1.5789473684210527,3.0
2020.01.13.,0.47118268737773705,,2.3461538461538463
2020.01.12.,0.6506449933244888,-0.8857142857142857,7.8
2020.01.11.,-0.1786768281785188,10.0,-3.0
2020.01.10.,0.26731495078470546,1.6666666666666667,2.7096774193548385
2020.01.09.,0.47682362962725,1.8032786885245902,-10.714285714285714
2020.01.08.,0.2675901352879053,1.452054794520548,4.785714285714286
2020.01.07.,0.5367212610284694,1.2203389830508475,2.923076923076923
2020.01.06.,-0.4335593956600955,21.333333333333332,9.428571428571429
2020.01.05.,0.48300024473493763,3.625,-25.0
2020.01.04.,-0.3161845466918722,-2.625,5.0
2020.01.03.,0.4115044576453158,2.586206896551724,1.8205128205128205
2020.01.02.,-0.5940586852166562,4.25,-3.6153846153846154
2020.01.01.,1.0,6.0,-3.75
2019.12.31.,-0.4384615048875125,5.2727272727272725,-1.3142857142857143
2019.12.30.,-0.6406495698766415,-4.344827586206897,-0.7175572519083969
2019.12.29.,-0.4343138102372227,7.7272727272727275,-1.0172413793103448
2019.12.28.,0.5532582878305655,-9.0,2.4444444444444446
2019.12.27.,0.45351509847424165,7.285714285714286,1.6470588235294117
2019.12.26.,0.4424840829244169,-3.75,-3.8333333333333335
2019.12.25.,0.12735862217859423,24.0,-6.5
2019.12.24.,1.0,-11.333333333333334,4.125
2019.12.23.,-0.4730591170707002,1.6785714285714286,4.538461538461538
2019.12.22.,1.0,1.5151515151515151,1.5217391304347827
2019.12.21.,1.0,-0.5,3.0
2019.12.20.,0.19998399104462022,24.0,1.84375
2019.12.19.,0.547029660840311,1.7307692307692308,2.111111111111111
2019.12.18.,0.40636344052395384,1.7586206896551724,3.076923076923077
2019.12.17.,-0.4939485179273563,5.454545454545454,23.5
2019.12.16.,-0.15294475835047158,1.7659574468085106,-8.2
2019.12.15.,0.6002800697926489,4.111111111111111,2.3636363636363638
2019.12.14.,0.03809931818352679,1.3333333333333333,1.6666666666666667
2019.12.13.,-0.42382987461498833,-7.2,2.515151515151515
2019.12.12.,0.3196706345786922,-5.6875,3.3703703703703702
2019.12.11.,-0.7244583692777208,-20.666666666666668,-0.5068493150684932
2019.12.10.,-0.5333304577508226,1.8666666666666667,-6.428571428571429
2019.12.09.,0.5617232482174704,1.7107438016528926,-1.7846153846153847
2019.12.08.,0.4378562389851773,,33.5
2019.12.07.,0.6225556343392934,3.2,-1.8333333333333333
2019.12.06.,0.8804278040540705,5.857142857142857,2.388888888888889
2019.12.05.,-0.5871768666184957,4.230769230769231,2.7777777777777777
2019.12.04.,-0.30882597610790335,23.0,3.909090909090909
2019.12.03.,-0.4069369319484855,-7.333333333333333,1.7222222222222223
2019.12.02.,-0.7820585485782955,-3.588235294117647,5.363636363636363
2019.12.01.,0.010273913850188296,1.46875,-1.9
2019.11.30.,0.7957594986109957,2.9,
2019.11.29.,-0.42656422873829863,4.4,6.454545454545454
2019.11.28.,-0.8492771478008865,1.6104651162790697,3.0338983050847457
2019.11.27.,-0.7558152188647475,1.791304347826087,2.4363636363636365
2019.11.26.,-0.12255624532980251,6.086956521739131,2.4166666666666665
2019.11.25.,0.24390854601359055,-9.833333333333334,1.6666666666666667
2019.11.24.,0.6700704841907649,2.923076923076923,14.0
2019.11.23.,-0.673426043138958,-3.7142857142857144,1.434782608695652
2019.11.22.,-0.1819198291908963,2.076923076923077,3.0
2019.11.21.,-0.35004471866369097,4.157894736842105,8.333333333333334
2019.11.20.,0.2706313304483221,3.1666666666666665,-12.666666666666666
2019.11.19.,-0.09022481129219666,-1.0961538461538463,-1.0416666666666667
2019.11.18.,-0.4780448801954168,4.294117647058823,-1.236842105263158
2019.11.17.,-0.028295011890650177,1.7777777777777777,-0.8888888888888888
2019.11.16.,-0.6389559711803764,2.4444444444444446,2.8333333333333335
2019.11.15.,-0.2785639582236347,2.3142857142857145,-5.666666666666667
2019.11.14.,-0.8236976880813552,1.5813953488372092,
2019.11.13.,-0.1790839324712986,2.0217391304347827,-8.5
2019.11.12.,0.08460986684767152,,3.142857142857143
2019.11.11.,0.4274777461775457,4.28,2.7777777777777777
2019.11.10.,1.0,2.25,22.0
2019.11.09.,1.0,2.3333333333333335,1.375
2019.11.08.,-0.48347324849417794,1.830188679245283,-1.8709677419354838
2019.11.07.,0.20117395013026257,2.4074074074074074,-2.933333333333333
2019.11.06.,0.381602197989338,-18.5,6.363636363636363
2019.11.05.,0.17341303300633776,-35.5,2.769230769230769
2019.11.04.,0.18683113953573913,2.566666666666667,4.235294117647059
2019.11.03.,0.16862357667503863,1.8461538461538463,-4.666666666666667
2019.11.02.,-0.4112049242359878,16.0,2.0833333333333335
2019.11.01.,0.7192351926833647,-4.533333333333333,1.703125
2019.10.31.,-0.4799292663392017,5.0,2.5357142857142856
2019.10.30.,0.4452659913317162,5.045454545454546,3.8518518518518516
2019.10.29.,0.7847854556658571,7.0,2.024390243902439
2019.10.28.,0.5519144732461629,1.4210526315789473,5.25
2019.10.27.,1.0,8.5,2.25
2019.10.26.,0.970236910822716,2.64,1.3818181818181818
2019.10.25.,-0.28496767496715447,2.066666666666667,-7.2727272727272725
2019.10.24.,0.0066447303513290975,1.736842105263158,-2.925925925925926
2019.10.23.,0.6735658814309038,1.7012987012987013,-5.666666666666667
2019.10.22.,0.6522443695220447,1.42,-1.9473684210526316
2019.10.21.,0.9824815283904114,1.4761904761904763,-3.857142857142857
2019.10.20.,0.7030973350398901,1.4603174603174602,5.636363636363637
2019.10.19.,1.0,-0.6363636363636364,1.3333333333333333
2019.10.18.,1.0,4.777777777777778,7.4
2019.10.17.,-0.5347444047763388,-1.9333333333333333,2.25
2019.10.16.,0.4231643748350303,2.0277777777777777,-12.0
2019.10.15.,0.5212128278647513,1.6145833333333333,3.054054054054054
2019.10.14.,0.28044574598373595,5.8,2.590909090909091
2019.10.13.,1.0,1.4761904761904763,17.0
2019.10.12.,0.8822519635295565,1.7307692307692308,1.4242424242424243
2019.10.11.,-0.03080916546971128,1.5,2.2962962962962963
2019.10.10.,0.6273961131450176,2.2,4.384615384615385
2019.10.09.,0.913153867189863,2.0,2.533333333333333
2019.10.08.,-0.15632981099823806,-1.1578947368421053,-1.1346153846153846
2019.10.07.,0.21211269881092573,2.302325581395349,-4.4
2019.10.06.,0.23937708940173316,2.2666666666666666,-1.2142857142857142
2019.10.05.,0.4044345591236524,1.8928571428571428,-0.5
2019.10.04.,0.33275319868593706,1.5454545454545454,-4.888888888888889
2019.10.03.,-0.05524748952422114,2.0,-11.5
2019.10.02.,-0.5994235692266339,44.666666666666664,3.3902439024390243
2019.10.01.,0.10869769024786584,1.671875,4.8125
2019.09.30.,-0.6274926065864468,1.9042553191489362,3.3777777777777778
2019.09.29.,1.0,1.2432432432432432,-0.4583333333333333
2019.09.28.,0.48478976434660004,-8.5,4.75
2019.09.27.,0.15068888910411304,3.1739130434782608,2.25
2019.09.26.,-0.11131650664294578,1.3902439024390243,5.916666666666667
2019.09.25.,-0.09846556700172736,1.5134099616858236,14.941176470588236
2019.09.24.,-0.6605750342048593,1.7352941176470589,-2.324324324324324
2019.09.23.,-0.8008019876860365,1.3893129770992367,-0.7654320987654321
2019.09.22.,0.8274844131384734,,2.25
2019.09.21.,1.0,1.8888888888888888,-2.6666666666666665
2019.09.20.,0.3104202674750877,-2.5833333333333335,-3.5
2019.09.19.,0.5134841212946328,-3.0,1.5833333333333333
2019.09.18.,0.3186499204189017,3.05,-1.28
2019.09.17.,0.8770113213217603,2.7142857142857144,-1.7
2019.09.16.,-0.019453566450935246,2.076923076923077,15.4
2019.09.15.,0.32852590435023576,3.4285714285714284,-2.5
2019.09.14.,0.57109168840006,-3.0869565217391304,1.5714285714285714
2019.09.13.,1.0,-0.8,-0.6666666666666666
2019.09.12.,0.5145122214689222,1.3333333333333333,1.4166666666666667
2019.09.11.,0.4398284486605549,2.7777777777777777,1.8
2019.09.10.,0.2522694371401015,2.0,-29.0
2019.09.09.,-0.26052411876697007,2.8461538461538463,-0.8648648648648649
2019.09.08.,0.3518826876386634,-28.0,-29.0
2019.09.07.,-0.4423209225250913,-3.0,-4.0
2019.09.06.,0.06216030697255569,1.2938144329896908,-2.3877551020408165
2019.09.05.,0.4337159867025755,42.0,4.444444444444445
2019.09.04.,-0.44982752292349126,3.0238095238095237,1.9714285714285715
2019.09.03.,1.0,1.3166666666666667,1.59375
2019.09.02.,0.8684843323646849,1.8837209302325582,2.0606060606060606
2019.09.01.,-0.08038935196921623,3.0,1.5588235294117647
2019.08.31.,-0.08983647160820674,12.5,-24.0
2019.08.30.,-0.06314552642082902,-4.1,2.076923076923077
2019.08.29.,-0.15789232362039862,1.7681159420289856,7.9
2019.08.28.,0.054102991182301066,1.4270833333333333,2.25
2019.08.27.,0.4278380127531333,1.5217391304347827,-10.0
2019.08.26.,-0.2502759090420286,3.125,29.0
2019.08.25.,1.0,2.4,2.0
2019.08.24.,-0.4643846904121928,1.3333333333333333,-0.64
2019.08.23.,0.47088305269609354,1.7317073170731707,1.8055555555555556
2019.08.22.,0.33914341582448915,4.333333333333333,9.25
2019.08.21.,0.7564416620447031,1.8783783783783783,-2.6129032258064515
2019.08.18.,0.056231015248917354,1.8611111111111112,1.7058823529411764
2019.08.17.,-0.5673738535135027,,2.0
2019.08.16.,0.04672573837707579,2.0,2.85
2019.08.15.,0.7535821632895061,3.7142857142857144,2.75
2019.08.14.,-0.11236305004709254,1.7413793103448276,-2.52
2019.08.13.,0.38331355404222195,1.6320754716981132,1.7142857142857142
2019.08.12.,-0.4700736541839248,1.962962962962963,-6.454545454545454
2019.08.11.,-0.22556314844476213,23.0,1.3181818181818181
2019.08.10.,1.0,2.2857142857142856,4.333333333333333
2019.08.09.,0.17722351160886382,,2.0303030303030303
2019.08.08.,0.08388731985500228,2.18,2.0588235294117645
2019.08.07.,0.36196515238524074,1.8703703703703705,1.975609756097561
2019.08.06.,0.08603580286188903,1.2465116279069768,2.287878787878788
2019.08.05.,0.4527597626627007,1.4329896907216495,1.5733333333333333
2019.08.04.,-0.20918640193628177,3.142857142857143,2.7142857142857144
2019.08.03.,1.0,,1.16
2019.08.02.,0.76069320414176,2.3,1.7916666666666667
2019.08.01.,0.028581338855500796,4.5,1.4615384615384615
2019.07.31.,-0.519084864597082,1.88,2.2
2019.07.30.,-0.7533296174638923,10.0,1.9583333333333333
2019.07.29.,0.34667523085673596,3.3157894736842106,4.636363636363637
2019.07.28.,0.0001543240092245976,2.5,3.8
2019.07.27.,0.9307048789658976,2.0,-21.0
2019.07.26.,-0.06793452537598806,3.4,-20.0
2019.07.25.,0.2496233352731984,4.785714285714286,7.857142857142857
2019.07.24.,-0.6017556675855569,1.513157894736842,-1.8181818181818181
2019.07.23.,0.5683077180527566,2.0545454545454547,
2019.07.22.,0.9774263470137473,2.4,17.25
2019.07.21.,0.16219019247946795,1.74,-0.7241379310344828
2019.07.20.,1.0,1.375,1.4545454545454546
2019.07.19.,0.29796287206203165,1.7846153846153847,4.8125
2019.07.18.,0.7099622162149787,1.2983870967741935,6.583333333333333
2019.07.17.,0.6492704639754507,1.410071942446043,-4.9411764705882355
2019.07.16.,0.6132032245192659,1.233009708737864,-2.9375
2019.07.15.,0.09643172971740731,1.8173076923076923,1.4233576642335766
2019.07.14.,0.5005018443248894,2.55,-1.5625
2019.07.13.,-0.18256296082155846,2.0,2.125
2019.07.12.,0.8162484659849816,1.2072072072072073,1.4814814814814814
2019.07.11.,0.08530680675381447,1.5,15.444444444444445
2019.07.10.,-0.333822359198606,1.7912087912087913,-2.6944444444444446
2019.07.09.,0.8174979787178552,1.7289719626168225,11.545454545454545
2019.07.08.,0.5162264499285145,1.671641791044776,16.5
2019.07.07.,0.0669477783973113,2.3076923076923075,2.7777777777777777
2019.07.06.,0.7304754697692961,1.7692307692307692,-6.0
2019.07.05.,-0.13204959008822248,1.82,3.933333333333333
2019.07.04.,-0.18163885458613993,1.625,-6.333333333333333
2019.07.03.,0.34108965216347703,1.4430379746835442,-4.333333333333333
2019.07.02.,0.34738701146200684,1.9782608695652173,8.571428571428571
2019.07.01.,-0.2547842646977759,1.4216867469879517,-2.0
2019.06.30.,0.2626037150422715,1.233644859813084,-0.41379310344827586
2019.06.29.,0.04181085598532459,1.3666666666666667,-3.2
2019.06.28.,0.3969599585185789,1.5227272727272727,3.0294117647058822
2019.06.27.,0.6328052070197506,1.353658536585366,6.027777777777778
2019.06.26.,0.9262309523216125,1.504,1.8354430379746836
2019.06.25.,0.9301389836474723,1.271523178807947,1.855072463768116
2019.06.24.,0.6719842143259472,1.5070422535211268,5.761904761904762
2019.06.23.,0.8473699212324107,1.2439024390243902,3.022727272727273
2019.06.22.,0.7151407547532227,1.2926829268292683,3.4285714285714284
2019.06.21.,0.21917465912723066,1.9315068493150684,-12.5
2019.06.20.,0.7728211993787012,1.3671875,4.391304347826087
2019.06.19.,0.6330390226536439,1.620879120879121,10.8
2019.06.18.,0.8854434705556846,2.2972972972972974,2.4814814814814814
2019.06.17.,0.6483265809372921,1.4050632911392404,1.7058823529411764
2019.06.16.,0.7804754241170654,1.3928571428571428,1.8666666666666667
2019.06.15.,1.0,16.0,1.263157894736842
2019.06.14.,0.24339486311247802,1.6825396825396826,1.7647058823529411
2019.06.13.,0.4056610522463609,2.5,4.333333333333333
2019.06.12.,0.5542363484493807,2.6666666666666665,2.6666666666666665
2019.06.11.,-0.616924864946584,1.8461538461538463,-1.1265822784810127
2019.06.10.,0.47086343973473266,1.7,2.234042553191489
2019.06.09.,0.2905429463670282,3.5555555555555554,-21.0
2019.06.08.,1.0,-5.5,-3.6666666666666665
2019.06.07.,0.6420367704957718,2.3793103448275863,2.608695652173913
2019.06.06.,0.11739401801230288,2.3157894736842106,
2019.06.05.,0.6974988623515452,3.5454545454545454,2.2058823529411766
2019.06.04.,0.2929488336344358,1.46875,-7.444444444444445
2019.06.03.,-0.38732857690919376,1.7794117647058822,-9.428571428571429
2019.06.02.,0.7382165627347925,2.5,1.6666666666666667
2019.06.01.,1.0,4.666666666666667,-1.375
2019.05.31.,0.4542814196141048,1.3211009174311927,3.9444444444444446
2019.05.30.,0.8683422443848553,1.7619047619047619,3.0
2019.05.29.,0.2354491673919688,2.3230769230769233,1.9066666666666667
2019.05.28.,0.8506369443282995,2.288135593220339,1.776978417266187
2019.05.27.,0.9108720049877198,1.325,1.4789915966386555
2019.05.26.,0.6518225296905082,2.2,4.4
2019.05.25.,1.0,2.0,1.4736842105263157
2019.05.24.,0.23684653186937896,3.857142857142857,2.3714285714285714
2019.05.23.,-0.11992745720845807,1.5172413793103448,1.7551020408163265
2019.05.22.,-0.04807040604328811,1.7466666666666666,9.88888888888889
2019.05.21.,0.3965940940881113,2.642857142857143,-5.7
2019.05.20.,0.5248745233694029,2.0,12.857142857142858
2019.05.19.,0.7124885906039722,1.6666666666666667,1.4736842105263157
2019.05.18.,1.0,1.7333333333333334,2.090909090909091
2019.05.17.,0.01951362580319427,1.7457627118644068,1.6538461538461537
2019.05.16.,0.6603192170345834,1.621212121212121,3.5
2019.05.15.,0.7402100475766408,1.732394366197183,1.5357142857142858
2019.05.14.,0.7166733697661798,1.8295454545454546,1.6864864864864866
2019.05.13.,0.9132593783600749,1.3548387096774193,5.333333333333333
2019.05.12.,0.6999307204775501,1.6756756756756757,6.142857142857143
2019.05.11.,1.0,2.2142857142857144,4.75
2019.05.10.,1.0,1.8269230769230769,2.5
2019.05.09.,0.715360203630056,1.456140350877193,4.0
2019.05.08.,0.631909230888521,1.475,1.5087719298245614
2019.05.07.,0.6580576284206926,1.873015873015873,1.4767441860465116
2019.05.06.,0.2634593307801833,4.25,-4.833333333333333
2019.05.05.,0.6542683248938321,1.7419354838709677,-6.0
2019.05.04.,1.0,1.411764705882353,1.0666666666666667
2019.05.03.,0.4742993819229872,2.8333333333333335,1.6666666666666667
2019.05.02.,0.5406103702524148,9.25,1.4202898550724639
2019.05.01.,1.0,-1.7272727272727273,1.5522388059701493
2019.04.30.,-0.31708732838465004,-14.090909090909092,1.5555555555555556
2019.04.29.,-0.061369649234857604,8.416666666666666,3.5714285714285716
2019.04.28.,0.478474204765961,-9.0,-20.0
2019.04.27.,0.34163158601758475,-2.142857142857143,-1.7307692307692308
2019.04.26.,-0.809391894526002,-6.571428571428571,1.9310344827586208
2019.04.25.,1.0,3.033333333333333,-1.2173913043478262
2019.04.24.,0.6170492113600414,1.8440366972477065,-2.6
2019.04.23.,0.506357356344999,1.7567567567567568,1.967741935483871
2019.04.22.,0.4107273161309627,-3.2777777777777777,1.6911764705882353
2019.04.21.,0.9584781169175348,-43.0,-0.9523809523809523
2019.04.20.,0.7537053168162797,-32.0,4.25
2019.04.19.,0.7927114699555087,3.652173913043478,1.9183673469387754
2019.04.18.,0.25463759642779626,-30.5,1.975609756097561
2019.04.17.,0.2527002947913777,1.864864864864865,4.0
2019.04.16.,-0.7226594315430283,2.25,38.666666666666664
2019.04.15.,-0.623675124954276,1.7294117647058824,2.9655172413793105
2019.04.14.,0.8325371256184951,-1.2105263157894737,2.3684210526315788
2019.04.13.,0.08510753491158304,19.0,-2.4
2019.04.12.,-0.3925503761199965,3.066666666666667,1.709090909090909
2019.04.11.,0.14908556015230814,3.2666666666666666,3.032258064516129
2019.04.10.,0.28760222181133116,1.6714285714285715,1.9318181818181819
2019.04.09.,-0.038614147321796945,4.294117647058823,-1.8064516129032258
2019.04.08.,0.7988201243515596,1.6956521739130435,1.6341463414634145
2019.04.07.,0.8053991887433337,2.5,2.4285714285714284
2019.04.06.,1.0,-1.875,5.0
2019.04.05.,0.5174138882361119,2.404255319148936,2.0714285714285716
2019.04.04.,0.6187165421693274,4.145833333333333,-1.7179487179487178
2019.04.03.,0.8407773391254736,1.6287425149700598,1.9481481481481482
2019.04.02.,0.7664700966220453,1.4232558139534883,1.452127659574468
2019.04.01.,-0.22664840953479978,4.464285714285714,2.090909090909091
2019.03.31.,-0.14465262449323688,-2.95,-8.857142857142858
2019.03.30.,-0.8966875538772604,-5.9,-0.5514018691588785
2019.03.29.,-0.3844700656620007,2.3142857142857145,1.9090909090909092
2019.03.28.,0.22656232486953498,-8.1,1.8142857142857143
2019.03.27.,1.0,-2.689655172413793,1.8113207547169812
2019.03.26.,0.7283430972884746,8.083333333333334,1.8387096774193548
2019.03.25.,0.027573760890231433,-2.8260869565217392,3.090909090909091
2019.03.24.,0.6648234447177704,-3.875,4.0
2019.03.23.,1.0,-1.4,1.2666666666666666
2019.03.22.,0.5756831424112557,-4.5,1.430232558139535
2019.03.21.,0.3211242041795004,-3.875,3.0454545454545454
2019.03.20.,0.08085764749824584,-6.6,3.7777777777777777
2019.03.19.,0.016979952732147523,-4.027027027027027,1.6
2019.03.18.,-0.21456217652046694,2.9714285714285715,1.721311475409836
2019.03.17.,0.7871788379649894,-1.3125,
2019.03.16.,1.0,14.0,1.25
2019.03.15.,-0.15716668745729112,-13.5,1.6833333333333333
2019.03.14.,-0.07180532580631184,-8.428571428571429,2.303030303030303
2019.03.13.,0.3170879508150785,-4.818181818181818,1.5595238095238095
2019.03.12.,-0.3032767823596576,-64.66666666666667,6.0625
2019.03.11.,0.04882802353389411,-5.0,1.675
2019.03.10.,0.230730325181757,-1.0,-1.7058823529411764
2019.03.09.,0.5325993469892614,1.8064516129032258,1.3
2019.03.08.,0.038359220453784974,2.9130434782608696,1.4901960784313726
2019.03.07.,0.6963124492499487,-14.333333333333334,5.333333333333333
2019.03.06.,0.7323831561460931,2.5681818181818183,3.3448275862068964
2019.03.05.,1.0,15.0,6.666666666666667
2019.03.04.,0.6756781363169545,2.0294117647058822,15.666666666666666
2019.03.03.,0.9809882961986414,10.75,-3.1
2019.03.02.,-0.42860497380682305,-1.3333333333333333,3.5
2019.03.01.,1.0,,-6.0
2019.02.28.,0.47636799986964773,7.625,-0.8113207547169812
2019.02.27.,1.0,-4.923076923076923,1.4090909090909092
2019.02.26.,0.12215689572896715,3.25,25.333333333333332
2019.02.25.,0.06528731782072501,4.090909090909091,13.0
2019.02.24.,0.5703666458966329,-4.0,-1.736842105263158
2019.02.23.,1.0,4.5,1.1818181818181819
2019.02.22.,0.13304901426045676,4.333333333333333,3.4
2019.02.21.,0.3448281411454997,27.666666666666668,4.444444444444445
2019.02.20.,0.41865237635590113,-2.8461538461538463,2.075
2019.02.19.,-0.37778092440747113,-16.714285714285715,4.217391304347826
2019.02.18.,0.7988265604595748,2.357142857142857,1.5806451612903225
2019.02.17.,0.4647658907277822,-1.4,1.4193548387096775
2019.02.16.,-0.42860497380682305,-12.5,1.391304347826087
2019.02.15.,-0.012539675977703606,16.625,2.32
2019.02.14.,0.03407862344544451,-6.523809523809524,1.6355932203389831
2019.02.13.,-0.5181748652837088,-4.2631578947368425,-3.3333333333333335
2019.02.12.,-0.3311868153676651,-9.5625,-0.7285714285714285
2019.02.11.,-0.5352495320174159,2.7096774193548385,-42.666666666666664
2019.02.10.,1.0,-1.6666666666666667,1.6923076923076923
2019.02.09.,0.9844888040033087,1.8571428571428572,5.5
2019.02.08.,0.1511634423616093,1.704225352112676,2.7435897435897436
2019.02.07.,0.25182497306808643,5.7727272727272725,-1.7959183673469388
2019.02.06.,0.16843678236702012,12.75,2.0344827586206895
2019.02.05.,-0.42860497380682305,-14.0,
2019.02.04.,-0.4023723466778224,7.75,1.5833333333333333
2019.02.03.,1.0,6.333333333333333,-8.0
2019.02.02.,-0.6666894958396155,-1.4545454545454546,1.3478260869565217
2019.02.01.,-0.40446020654437326,5.5,2.638888888888889
2019.01.31.,-0.19208672484299708,3.0444444444444443,10.75
2019.01.30.,-0.2251011408088965,-12.75,5.0588235294117645
2019.01.29.,-0.30349060328930527,1.9625,-20.0
2019.01.28.,-0.6416400634664299,1.4596774193548387,-7.928571428571429
2019.01.27.,0.8144398942760872,-1.3157894736842106,-1.0
2019.01.26.,1.0,7.0,3.2857142857142856
2019.01.25.,-0.10095327162773059,-4.2631578947368425,-2.09375
2019.01.24.,0.33900256563647646,23.75,7.153846153846154
2019.01.23.,-0.4564039035041895,2.5416666666666665,-5.125
2019.01.22.,1.0,-3.357142857142857,1.84375
2019.01.21.,0.46072829089159995,,13.5
2019.01.20.,0.17406561664197118,4.0,2.238095238095238
2019.01.19.,1.0,-1.5238095238095237,1.108695652173913
2019.01.18.,0.2802266494675338,-6.3,3.6315789473684212
2019.01.17.,-0.12961351831556234,-2.611111111111111,2.2658227848101267
2019.01.16.,-0.41539229904424096,5.8,3.68
2019.01.15.,0.1415828893169403,,17.25
2019.01.14.,0.5048226514127943,1.7719298245614035,3.037037037037037
2019.01.13.,0.1654635802070146,1.5142857142857142,6.8
2019.01.12.,0.3774055101032749,5.0,5.333333333333333
2019.01.11.,-0.30273350518775743,2.42,2.5365853658536586
2019.01.10.,-0.5788478000250746,1.440251572327044,-4.708333333333333
2019.01.09.,0.0764999057798929,2.7333333333333334,-4.333333333333333
2019.01.08.,0.9382530748208104,-8.166666666666666,-23.0
2019.01.07.,0.7588607871323315,-89.0,-3.1923076923076925
2019.01.06.,0.8425969629396888,1.4,2.5833333333333335
2019.01.05.,0.1652967433834752,7.6,-1.8571428571428572
2019.01.04.,-0.2066508074834517,1.5036496350364963,-1.4696969696969697
2019.01.03.,-0.3075073889960775,1.168421052631579,-0.48427672955974843
2019.01.02.,-0.1696533075291448,3.869565217391304,3.9047619047619047
2019.01.01.,0.16655343497098782,1.9487179487179487,2.888888888888889
2018.12.31.,0.02925616797107125,1.546875,-5.0
2018.12.30.,0.17567172989392707,1.4210526315789473,2.1142857142857143
2018.12.29.,0.07679901910236636,1.3571428571428572,-0.8461538461538461
2018.12.28.,-0.06776568455878307,2.357142857142857,2.6857142857142855
2018.12.27.,-0.030128535237221823,2.323529411764706,4.423076923076923
2018.12.26.,-0.445861404521452,6.346153846153846,2.440677966101695
2018.12.25.,-0.3692762729480128,1.627906976744186,
2018.12.24.,0.16907808524319404,1.2804532577903682,2.398230088495575
2018.12.23.,-0.08419707696967413,94.0,2.3191489361702127
2018.12.22.,-0.5448845318371441,2.0526315789473686,2.5833333333333335
2018.12.21.,-0.747939932300256,1.7766990291262137,21.1875
2018.12.20.,0.6683666584104471,2.021276595744681,2.328767123287671
2018.12.19.,-0.30853174766653124,2.521276595744681,2.7662337662337664
2018.12.18.,0.33010802819343726,1.729032258064516,1.3571428571428572
2018.12.17.,-0.23031172157712998,1.6319444444444444,2.793103448275862
2018.12.16.,0.8510253859898647,1.8157894736842106,2.074074074074074
2018.12.15.,0.9826112405214174,2.076923076923077,11.0
2018.12.14.,0.020634926142865342,3.090909090909091,6.555555555555555
2018.12.13.,-0.6497762713708544,1.7777777777777777,-5.052631578947368
2018.12.12.,-0.4977213862645978,2.017543859649123,3.4615384615384617
2018.12.11.,-0.689286471184433,1.683673469387755,-21.0
2018.12.10.,-0.05100286377794225,1.49079754601227,-3.7666666666666666
2018.12.09.,0.478474204765961,2.8,4.4
2018.12.08.,-0.29790918547418216,18.0,-2.2
2018.12.07.,0.5688897808148643,1.8235294117647058,3.0
2018.12.06.,-0.03545406842861324,2.4352941176470586,-4.066666666666666
2018.12.05.,-0.10873183479692271,1.7681159420289856,2.4642857142857144
2018.12.04.,-0.5817092778500482,2.9482758620689653,3.8
2018.12.03.,-0.1761775549264064,2.6140350877192984,-2.4871794871794872
2018.12.02.,0.10704459559105996,6.625,6.5
2018.12.01.,1.0,1.4,1.4137931034482758
2018.11.30.,0.12208189428131286,2.090909090909091,6.153846153846154
2018.11.29.,0.33205693301792366,3.0277777777777777,2.4878048780487805
2018.11.28.,0.014239114216028874,2.5384615384615383,1.896103896103896
2018.11.27.,-0.14913787898580963,4.588235294117647,4.642857142857143
2018.11.26.,-0.11072284109145845,1.6458333333333333,2.3181818181818183
2018.11.25.,0.360326838856647,1.6666666666666667,1.826086956521739
2018.11.24.,1.0,1.5,2.0
2018.11.23.,-0.40650125544501825,2.2048192771084336,2.1690140845070425
2018.11.22.,-0.6536181747417517,1.3406593406593406,5.043478260869565
2018.11.21.,-0.01672588156575322,2.018181818181818,2.0238095238095237
2018.11.20.,0.049484410817008474,1.8253012048192772,2.6962025316455698
2018.11.19.,-0.21967394300004217,3.864864864864865,2.3225806451612905
2018.11.18.,0.46389902308451686,6.5,3.0833333333333335
2018.11.17.,0.6085482406258688,-4.666666666666667,2.5833333333333335
2018.11.16.,-0.15694260230872553,1.9710144927536233,-3.130434782608696
2018.11.15.,0.29100852448743525,1.646067415730337,6.178571428571429
2018.11.14.,-0.37484244601772854,2.3950617283950617,17.875
2018.11.13.,0.5482732176957953,6.444444444444445,8.722222222222221
2018.11.12.,0.30733137792701143,2.888888888888889,7.166666666666667
2018.11.11.,0.2028491269143359,2.6315789473684212,-4.0
2018.11.10.,-0.10844052120041439,-11.5,
2018.11.09.,-0.12116301445401226,7.944444444444445,127.0
2018.11.08.,-0.6451295996129619,4.212765957446808,3.5384615384615383
2018.11.07.,0.35479440635737636,-18.0,2.5813953488372094
2018.11.06.,0.23166892718968327,10.4,1.8837209302325582
2018.11.05.,-0.09477832850600039,8.642857142857142,7.357142857142857
2018.11.04.,0.29123753300493715,17.0,3.8
2018.11.03.,-0.06872859037707979,-2.5,2.2222222222222223
2018.11.02.,-0.29005317906481853,14.285714285714286,7.769230769230769
2018.11.01.,-0.47457896328652577,-12.785714285714286,2.0505050505050506
2018.10.31.,0.4852571714201223,-17.625,1.9259259259259258
2018.10.30.,-0.1114435276470178,4.086206896551724,2.5164835164835164
2018.10.29.,-0.631498624436863,2.2688172043010755,76.5
2018.10.28.,0.3731688013333905,-12.5,4.285714285714286
2018.10.27.,1.0,-0.4117647058823529,1.5238095238095237
2018.10.26.,0.10159892279171208,20.333333333333332,1.8970588235294117
2018.10.25.,-0.23174058488888913,-49.0,6.923076923076923
2018.10.24.,0.07091069044796681,-1.3545454545454545,2.064516129032258
2018.10.23.,-0.4062828669930179,-23.8,2.8666666666666667
2018.10.22.,-0.2318182551794966,2.746268656716418,-32.25
2018.10.21.,0.18351001586919458,3.6842105263157894,6.0
2018.10.20.,0.22906342351145112,-1.5454545454545454,1.5263157894736843
2018.10.19.,-0.725657573225578,4.615384615384615,-6.333333333333333
2018.10.18.,-0.013490532498234351,-4.923076923076923,2.736842105263158
2018.10.17.,0.10415255761794706,4.695652173913044,
2018.10.16.,-0.6352489040053687,5.104166666666667,67.33333333333333
2018.10.15.,0.4762007162047422,2.127450980392157,2.75
2018.10.14.,-0.177483432612989,3.1,-22.5
2018.10.13.,-0.5128061759108485,5.142857142857143,-3.375
2018.10.12.,-0.8517167377528523,71.66666666666667,-1.8780487804878048
2018.10.11.,-0.5437473513174036,2.8333333333333335,3.9285714285714284
2018.10.10.,-0.22272233776906256,4.461538461538462,3.4411764705882355
2018.10.09.,0.5101759961546545,-48.0,2.28
2018.10.08.,0.15284339326773305,-111.0,3.2941176470588234
2018.10.07.,0.9190490017250583,-17.333333333333332,2.2916666666666665
2018.10.06.,0.5585246570698595,-4.666666666666667,2.625
2018.10.05.,0.49646631545475256,4.806451612903226,2.5714285714285716
2018.10.04.,0.19089870715305102,2.9130434782608696,2.3617021276595747
2018.10.03.,-0.6003977152748127,2.32,4.615384615384615
2018.10.02.,-0.5842833316835248,-2.526315789473684,2.4864864864864864
2018.10.01.,-0.0827177684864766,21.8,9.0
2018.09.30.,-0.2589953758015415,,2.08
2018.09.29.,0.2122180336391385,6.666666666666667,-3.6666666666666665
2018.09.28.,-0.282966938763775,6.647058823529412,2.5217391304347827
2018.09.27.,-0.16423227685752473,2.0980392156862746,2.3461538461538463
2018.09.26.,-0.5023892920220697,2.967741935483871,3.235294117647059
2018.09.25.,-0.5210269411543226,2.0555555555555554,-2.25
2018.09.24.,1.0,4.0,-2.25
2018.09.23.,0.5558757911921346,3.1538461538461537,-3.857142857142857
2018.09.22.,0.5170534178099347,-2.5384615384615383,8.5
2018.09.21.,0.14390784219267713,1.817391304347826,3.1176470588235294
2018.09.20.,0.08384242754039864,2.3043478260869565,2.183673469387755
2018.09.19.,-0.19568885805095357,2.232876712328767,2.3846153846153846
2018.09.18.,-0.125177045164061,-3.838709677419355,1.6470588235294117
2018.09.17.,-0.2652867064317218,4.4,2.425925925925926
2018.09.16.,0.5407445313091863,5.25,-2.0
2018.09.15.,-0.6143023023286217,-0.9782608695652174,1.9705882352941178
2018.09.14.,0.3905639245647972,37.0,2.1587301587301586
2018.09.13.,-0.1331176299433078,5.0,2.607843137254902
2018.09.12.,-0.2098849037779941,3.4464285714285716,2.6507936507936507
2018.09.11.,-0.6702069273515471,4.27906976744186,7.4
2018.09.10.,-0.6115822918217788,3.5454545454545454,5.739130434782608
2018.09.09.,-0.04705057366450975,1.8620689655172413,12.666666666666666
2018.09.08.,-0.21177626866986998,1.7083333333333333,-2.5555555555555554
2018.09.07.,-0.3807464775208259,1.9263157894736842,-2.3658536585365852
2018.09.06.,0.0025257124595855582,1.6567164179104477,-2.9523809523809526
2018.09.05.,0.6263034088764553,2.5365853658536586,3.2
2018.09.04.,0.0773749971786197,3.227272727272727,2.3508771929824563
2018.09.03.,0.45430564983949395,7.578947368421052,1.6442307692307692
2018.09.02.,0.8403817683577357,3.8666666666666667,1.3846153846153846
2018.09.01.,0.48545725216684393,6.333333333333333,3.0
2018.08.31.,-0.44078949768113507,-6.9523809523809526,2.9038461538461537
2018.08.30.,0.0549637770177075,1.9753086419753085,2.577777777777778
2018.08.29.,0.30033658162115323,16.7,5.517241379310345
2018.08.28.,0.3280313407039953,6.291666666666667,1.5961538461538463
2018.08.27.,0.16899500578785548,5.714285714285714,1.5220588235294117
2018.08.26.,0.7965672716205112,-7.625,1.5740740740740742
2018.08.25.,0.8130667571278222,-2.235294117647059,1.5135135135135136
2018.08.24.,0.2570574243904655,1.5714285714285714,1.746031746031746
2018.08.23.,-0.07069578580641328,2.0238095238095237,1.8205128205128205
2018.08.22.,0.4932674593033177,1.9886363636363635,3.073170731707317
2018.08.21.,-0.48633743343762703,2.1358024691358026,2.0945945945945947
2018.08.20.,-0.45093999276115304,3.727272727272727,5.714285714285714
2018.08.19.,0.6317378133757258,5.545454545454546,2.081081081081081
2018.08.18.,-0.3925971009522245,2.05,6.2
2018.08.17.,-0.36577135290136825,2.041095890410959,3.0
2018.08.16.,0.690727203634616,,2.2884615384615383
2018.08.15.,0.7479131712464935,4.0,1.878787878787879
2018.08.14.,0.4186467512112483,1.7352941176470589,45.333333333333336
2018.08.13.,0.6477123391217009,2.7096774193548385,2.0422535211267605
2018.08.12.,1.0,3.2142857142857144,1.4477611940298507
2018.08.11.,-0.5577248662673004,2.6296296296296298,1.5
2018.08.10.,-0.09335168161853444,2.311926605504587,2.176470588235294
2018.08.09.,0.0577947740267949,2.2334494773519165,1.9293478260869565
2018.08.08.,-0.715997447614202,6.543478260869565,2.9651162790697674
2018.08.07.,-0.9543386111109541,10.526315789473685,-63.6
2018.08.06.,-0.520619458835889,8.658536585365853,5.551724137931035
2018.08.05.,-0.1131134391195549,6.9,1.8333333333333333
2018.08.04.,-0.32076627380337863,2.2280701754385963,1.890625
2018.08.03.,-0.3994527552458853,2.125,3.0
2018.08.02.,-0.09194958777432855,56.0,-17.625
2018.08.01.,-1.0,-6.5,-0.875
