날짜,기사
2010.12.31.,7
2011.04.01.,7
2011.06.16.,7
2011.09.01.,7
2011.11.11.,7
2011.12.19.,7
2012.01.26.,7
2012.02.28.,7
2012.05.14.,7
2012.05.23.,7
2012.07.06.,7
2012.08.14.,7
2012.11.15.,7
2013.01.13.,7
2013.02.15.,7
2013.04.04.,7
2013.04.18.,7
2013.05.29.,7
2013.06.13.,7
2013.07.25.,7
2013.08.30.,7
2013.10.03.,7
2013.10.25.,7
2013.11.07.,7
2013.11.18.,7
2013.11.19.,7
2013.11.24.,7
2013.11.28.,15
2013.12.02.,15
2013.12.04.,7
2013.12.05.,7
2013.12.07.,7
2013.12.09.,7
2013.12.11.,7
2013.12.12.,7
2013.12.16.,7
2013.12.23.,7
2013.12.27.,7
2014.01.04.,7
2014.01.09.,7
2014.01.16.,7
2014.01.24.,7
2014.01.29.,7
2014.02.16.,7
2014.02.26.,7
2014.02.27.,7
2014.03.04.,7
2014.03.07.,7
2014.03.17.,7
2014.03.27.,7
2014.04.21.,7
2014.05.16.,7
2014.06.13.,7
2014.07.20.,7
2014.08.15.,7
2014.10.20.,7
2014.11.13.,7
2014.12.16.,7
2015.01.12.,7
2015.02.08.,7
2015.03.18.,7
2015.03.19.,7
2015.04.01.,7
2015.04.16.,7
2015.05.18.,7
2015.06.21.,7
2015.07.13.,7
2015.08.10.,7
2015.08.24.,7
2015.09.06.,7
2015.09.23.,7
2015.10.14.,7
2015.11.02.,7
2015.11.08.,7
2015.11.20.,7
2015.12.01.,7
2015.12.02.,7
2015.12.14.,7
2015.12.25.,7
2016.01.04.,7
2016.01.18.,7
2016.02.03.,7
2016.02.23.,7
2016.03.06.,7
2016.03.29.,7
2016.04.15.,7
2016.04.25.,7
2016.05.02.,7
2016.05.06.,7
2016.05.23.,7
2016.05.25.,7
2016.06.12.,7
2016.06.17.,7
2016.06.28.,7
2016.07.14.,7
2016.07.26.,7
2016.07.28.,7
2016.08.04.,7
2016.08.18.,7
2016.08.24.,7
2016.08.30.,7
2016.09.13.,7
2016.09.28.,7
2016.10.05.,7
2016.10.14.,7
2016.10.24.,7
2016.11.02.,7
2016.11.08.,7
2016.11.17.,7
2016.11.25.,7
2016.12.08.,7
2016.12.17.,7
2016.12.27.,7
2017.01.03.,7
2017.01.06.,7
2017.01.15.,7
2017.01.24.,7
2017.01.31.,7
2017.02.09.,7
2017.02.14.,7
2017.02.17.,7
2017.03.03.,7
2017.03.09.,7
2017.03.17.,7
2017.03.29.,7
2017.04.08.,7
2017.04.14.,7
2017.04.23.,7
2017.05.02.,7
2017.05.08.,7
2017.05.14.,7
2017.05.15.,7
2017.05.17.,7
2017.05.18.,7
2017.05.22.,7
2017.05.24.,7
2017.05.26.,7
2017.05.31.,7
2017.06.06.,7
2017.06.12.,7
2017.06.14.,7
2017.06.15.,7
2017.06.18.,7
2017.06.20.,7
2017.06.22.,7
2017.06.23.,7
2017.06.26.,7
2017.06.28.,7
2017.06.29.,7
2017.07.03.,15
2017.07.04.,15
2017.07.09.,7
2017.07.11.,7
2017.07.13.,7
2017.07.17.,7
2017.07.18.,7
2017.07.19.,7
2017.07.24.,7
2017.07.27.,7
2017.08.01.,15
2017.08.04.,7
2017.08.09.,7
2017.08.13.,7
2017.08.15.,7
2017.08.16.,7
2017.08.18.,7
2017.08.21.,7
2017.08.23.,7
2017.08.24.,7
2017.08.25.,7
2017.08.28.,7
2017.08.30.,7
2017.09.01.,7
2017.09.03.,7
2017.09.04.,7
2017.09.06.,7
2017.09.07.,7
2017.09.10.,7
2017.09.11.,7
2017.09.12.,7
2017.09.13.,15
2017.09.14.,7
2017.09.17.,7
2017.09.18.,7
2017.09.19.,7
2017.09.21.,7
2017.09.23.,7
2017.09.25.,15
2017.09.27.,15
2017.09.29.,7
2017.10.01.,7
2017.10.09.,7
2017.10.10.,7
2017.10.11.,7
2017.10.13.,7
2017.10.16.,7
2017.10.18.,23
2017.10.19.,7
2017.10.23.,7
2017.10.24.,15
2017.10.26.,7
2017.10.30.,7
2017.10.31.,7
2017.11.01.,7
2017.11.02.,7
2017.11.04.,7
2017.11.06.,7
2017.11.08.,7
2017.11.12.,7
2017.11.13.,7
2017.11.15.,15
2017.11.17.,7
2017.11.19.,7
2017.11.20.,7
2017.11.22.,7
2017.11.23.,7
2017.11.26.,7
2017.11.27.,23
2017.11.28.,15
2017.11.29.,7
2017.11.30.,15
2017.12.01.,7
2017.12.03.,7
2017.12.04.,23
2017.12.05.,23
2017.12.06.,15
2017.12.07.,15
2017.12.08.,23
2017.12.09.,7
2017.12.10.,23
2017.12.11.,39
2017.12.12.,47
2017.12.13.,55
2017.12.14.,47
2017.12.15.,39
2017.12.16.,7
2017.12.17.,15
2017.12.18.,39
2017.12.19.,31
2017.12.20.,55
2017.12.21.,39
2017.12.22.,23
2017.12.24.,15
2017.12.25.,15
2017.12.26.,15
2017.12.27.,31
2017.12.28.,31
2017.12.29.,7
2017.12.30.,7
2017.12.31.,15
2018.01.01.,15
2018.01.02.,15
2018.01.03.,15
2018.01.04.,23
2018.01.05.,15
2018.01.06.,7
2018.01.07.,15
2018.01.08.,39
2018.01.09.,47
2018.01.10.,63
2018.01.11.,63
2018.01.12.,71
2018.01.13.,15
2018.01.14.,55
2018.01.15.,79
2018.01.16.,79
2018.01.17.,79
2018.01.18.,86
2018.01.19.,39
2018.01.20.,7
2018.01.21.,39
2018.01.22.,47
2018.01.23.,71
2018.01.24.,47
2018.01.25.,70
2018.01.26.,39
2018.01.27.,7
2018.01.28.,47
2018.01.29.,55
2018.01.30.,63
2018.01.31.,55
2018.02.01.,47
2018.02.02.,31
2018.02.04.,23
2018.02.05.,31
2018.02.06.,39
2018.02.07.,39
2018.02.08.,23
2018.02.09.,23
2018.02.11.,15
2018.02.12.,23
2018.02.13.,7
2018.02.14.,23
2018.02.15.,7
2018.02.18.,7
2018.02.19.,15
2018.02.20.,23
2018.02.21.,15
2018.02.22.,15
2018.02.23.,15
2018.02.25.,7
2018.02.26.,7
2018.02.27.,7
2018.02.28.,7
2018.03.01.,7
2018.03.02.,7
2018.03.04.,7
2018.03.05.,7
2018.03.06.,15
2018.03.07.,7
2018.03.08.,7
2018.03.09.,7
2018.03.11.,15
2018.03.12.,7
2018.03.13.,7
2018.03.14.,23
2018.03.15.,7
2018.03.16.,7
2018.03.18.,7
2018.03.19.,7
2018.03.20.,15
2018.03.21.,31
2018.03.22.,7
2018.03.23.,7
2018.03.25.,7
2018.03.26.,15
2018.03.27.,15
2018.03.28.,7
2018.03.29.,15
2018.03.30.,7
2018.04.01.,7
2018.04.02.,7
2018.04.03.,15
2018.04.04.,7
2018.04.05.,15
2018.04.06.,7
2018.04.08.,7
2018.04.09.,7
2018.04.10.,7
2018.04.12.,7
2018.04.13.,7
2018.04.15.,7
2018.04.16.,7
2018.04.17.,15
2018.04.18.,15
2018.04.20.,7
2018.04.22.,7
2018.04.23.,7
2018.04.24.,15
2018.04.25.,7
2018.04.26.,7
2018.04.27.,7
2018.04.30.,7
2018.05.01.,7
2018.05.02.,7
2018.05.04.,7
2018.05.07.,7
2018.05.08.,7
2018.05.09.,7
2018.05.10.,7
2018.05.11.,7
2018.05.12.,7
2018.05.14.,15
2018.05.15.,15
2018.05.16.,7
2018.05.18.,7
2018.05.21.,7
2018.05.22.,7
2018.05.23.,7
2018.05.24.,7
2018.05.27.,7
2018.05.29.,15
2018.05.30.,15
2018.05.31.,7
2018.06.04.,7
2018.06.06.,7
2018.06.08.,7
2018.06.10.,7
2018.06.11.,7
2018.06.12.,7
2018.06.14.,7
2018.06.15.,7
2018.06.18.,7
2018.06.19.,7
2018.06.20.,15
2018.06.21.,7
2018.06.22.,7
2018.06.25.,7
2018.06.26.,7
2018.06.27.,7
2018.06.29.,7
2018.07.02.,7
2018.07.04.,7
2018.07.05.,7
2018.07.09.,7
2018.07.11.,7
2018.07.12.,7
2018.07.16.,7
2018.07.17.,7
2018.07.18.,7
2018.07.19.,15
2018.07.23.,7
2018.07.24.,7
2018.07.25.,7
2018.07.27.,7
2018.07.30.,7
2018.07.31.,7
2018.08.01.,7
2018.08.02.,85
2018.08.03.,92
2018.08.04.,74
2018.08.05.,36
2018.08.06.,161
2018.08.07.,175
2018.08.08.,133
2018.08.09.,220
2018.08.10.,97
2018.08.11.,27
2018.08.12.,36
2018.08.13.,72
2018.08.14.,89
2018.08.15.,31
2018.08.16.,58
2018.08.17.,61
2018.08.18.,15
2018.08.19.,40
2018.08.20.,84
2018.08.21.,70
2018.08.22.,75
2018.08.23.,69
2018.08.24.,57
2018.08.25.,25
2018.08.26.,33
2018.08.27.,89
2018.08.28.,71
2018.08.29.,93
2018.08.30.,65
2018.08.31.,77
2018.09.01.,21
2018.09.02.,24
2018.09.03.,64
2018.09.04.,61
2018.09.05.,46
2018.09.06.,209
2018.09.07.,71
2018.09.08.,14
2018.09.09.,23
2018.09.10.,78
2018.09.11.,85
2018.09.12.,85
2018.09.13.,64
2018.09.14.,67
2018.09.15.,27
2018.09.16.,12
2018.09.17.,66
2018.09.18.,75
2018.09.19.,67
2018.09.20.,110
2018.09.21.,86
2018.09.22.,22
2018.09.23.,18
2018.09.24.,11
2018.09.25.,14
2018.09.26.,39
2018.09.27.,84
2018.09.28.,59
2018.09.29.,20
2018.09.30.,28
2018.10.01.,59
2018.10.02.,92
2018.10.03.,30
2018.10.04.,66
2018.10.05.,69
2018.10.06.,13
2018.10.07.,33
2018.10.08.,62
2018.10.09.,34
2018.10.10.,65
2018.10.11.,95
2018.10.12.,123
2018.10.13.,17
2018.10.14.,30
2018.10.15.,93
2018.10.16.,127
2018.10.17.,51
2018.10.18.,78
2018.10.19.,81
2018.10.20.,11
2018.10.21.,39
2018.10.22.,77
2018.10.23.,63
2018.10.24.,103
2018.10.25.,60
2018.10.26.,60
2018.10.27.,12
2018.10.28.,13
2018.10.29.,89
2018.10.30.,103
2018.10.31.,77
2018.11.01.,92
2018.11.02.,58
2018.11.03.,10
2018.11.04.,16
2018.11.05.,70
2018.11.06.,81
2018.11.07.,53
2018.11.08.,117
2018.11.09.,75
2018.11.10.,14
2018.11.11.,25
2018.11.12.,53
2018.11.13.,86
2018.11.14.,80
2018.11.15.,114
2018.11.16.,58
2018.11.17.,15
2018.11.18.,17
2018.11.19.,69
2018.11.20.,121
2018.11.21.,89
2018.11.22.,135
2018.11.23.,76
2018.11.24.,18
2018.11.25.,21
2018.11.26.,89
2018.11.27.,78
2018.11.28.,74
2018.11.29.,56
2018.11.30.,47
2018.12.01.,18
2018.12.02.,24
2018.12.03.,61
2018.12.04.,88
2018.12.05.,94
2018.12.06.,84
2018.12.07.,57
2018.12.08.,8
2018.12.09.,15
2018.12.10.,86
2018.12.11.,62
2018.12.12.,52
2018.12.13.,66
2018.12.14.,39
2018.12.15.,14
2018.12.16.,27
2018.12.17.,82
2018.12.18.,224
2018.12.19.,115
2018.12.20.,85
2018.12.21.,196
2018.12.22.,17
2018.12.23.,52
2018.12.24.,127
2018.12.25.,33
2018.12.26.,79
2018.12.27.,65
2018.12.28.,52
2018.12.29.,13
2018.12.30.,41
2018.12.31.,78
2019.01.01.,33
2019.01.02.,47
2019.01.03.,150
2019.01.04.,69
2019.01.05.,18
2019.01.06.,14
2019.01.07.,56
2019.01.08.,31
2019.01.09.,40
2019.01.10.,78
2019.01.11.,62
2019.01.12.,7
2019.01.13.,22
2019.01.14.,41
2019.01.15.,72
2019.01.16.,45
2019.01.17.,84
2019.01.18.,40
2019.01.19.,17
2019.01.20.,27
2019.01.21.,35
2019.01.22.,35
2019.01.23.,25
2019.01.24.,50
2019.01.25.,50
2019.01.26.,10
2019.01.27.,19
2019.01.28.,65
2019.01.29.,66
2019.01.30.,84
2019.01.31.,72
2019.02.01.,43
2019.02.02.,10
2019.02.03.,9
2019.02.04.,15
2019.02.05.,7
2019.02.06.,28
2019.02.07.,64
2019.02.08.,58
2019.02.09.,6
2019.02.10.,15
2019.02.11.,66
2019.02.12.,80
2019.02.13.,42
2019.02.14.,81
2019.02.15.,64
2019.02.16.,9
2019.02.17.,17
2019.02.18.,42
2019.02.19.,56
2019.02.20.,46
2019.02.21.,38
2019.02.22.,26
2019.02.23.,4
2019.02.24.,24
2019.02.25.,41
2019.02.26.,48
2019.02.27.,37
2019.02.28.,37
2019.03.01.,10
2019.03.02.,6
2019.03.03.,21
2019.03.04.,28
2019.03.05.,33
2019.03.06.,52
2019.03.07.,33
2019.03.08.,30
2019.03.09.,20
2019.03.10.,14
2019.03.11.,89
2019.03.12.,110
2019.03.13.,63
2019.03.14.,37
2019.03.15.,41
2019.03.16.,6
2019.03.17.,13
2019.03.18.,43
2019.03.19.,78
2019.03.20.,83
2019.03.21.,37
2019.03.22.,41
2019.03.23.,5
2019.03.24.,20
2019.03.25.,41
2019.03.26.,45
2019.03.27.,49
2019.03.28.,53
2019.03.29.,32
2019.03.30.,51
2019.03.31.,32
2019.04.01.,57
2019.04.02.,121
2019.04.03.,116
2019.04.04.,165
2019.04.05.,62
2019.04.06.,11
2019.04.07.,16
2019.04.08.,27
2019.04.09.,42
2019.04.10.,46
2019.04.11.,50
2019.04.12.,35
2019.04.13.,8
2019.04.14.,15
2019.04.15.,53
2019.04.16.,65
2019.04.17.,27
2019.04.18.,37
2019.04.19.,40
2019.04.20.,17
2019.04.21.,23
2019.04.22.,54
2019.04.23.,35
2019.04.24.,88
2019.04.25.,42
2019.04.26.,26
2019.04.27.,33
2019.04.28.,14
2019.04.29.,50
2019.04.30.,81
2019.05.01.,35
2019.05.02.,37
2019.05.03.,42
2019.05.04.,8
2019.05.05.,24
2019.05.06.,22
2019.05.07.,48
2019.05.08.,39
2019.05.09.,64
2019.05.10.,41
2019.05.11.,13
2019.05.12.,23
2019.05.13.,70
2019.05.14.,132
2019.05.15.,56
2019.05.16.,44
2019.05.17.,38
2019.05.18.,9
2019.05.19.,13
2019.05.20.,55
2019.05.21.,37
2019.05.22.,53
2019.05.23.,31
2019.05.24.,43
2019.05.25.,11
2019.05.26.,12
2019.05.27.,83
2019.05.28.,117
2019.05.29.,63
2019.05.30.,40
2019.05.31.,41
2019.06.01.,8
2019.06.02.,13
2019.06.03.,44
2019.06.04.,47
2019.06.05.,41
2019.06.06.,19
2019.06.07.,28
2019.06.08.,5
2019.06.09.,12
2019.06.10.,49
2019.06.11.,66
2019.06.12.,28
2019.06.13.,35
2019.06.14.,41
2019.06.15.,11
2019.06.16.,13
2019.06.17.,35
2019.06.18.,33
2019.06.19.,94
2019.06.20.,63
2019.06.21.,53
2019.06.22.,13
2019.06.23.,68
2019.06.24.,71
2019.06.25.,60
2019.06.26.,68
2019.06.27.,119
2019.06.28.,50
2019.06.29.,11
2019.06.30.,48
2019.07.01.,41
2019.07.02.,39
2019.07.03.,36
2019.07.04.,54
2019.07.05.,32
2019.07.06.,6
2019.07.07.,22
2019.07.08.,36
2019.07.09.,75
2019.07.10.,66
2019.07.11.,85
2019.07.12.,98
2019.07.13.,16
2019.07.14.,17
2019.07.15.,63
2019.07.16.,72
2019.07.17.,61
2019.07.18.,50
2019.07.19.,45
2019.07.20.,6
2019.07.21.,48
2019.07.22.,48
2019.07.23.,47
2019.07.24.,39
2019.07.25.,31
2019.07.26.,25
2019.07.27.,10
2019.07.28.,9
2019.07.29.,29
2019.07.30.,65
2019.07.31.,37
2019.08.01.,15
2019.08.02.,14
2019.08.03.,8
2019.08.04.,20
2019.08.05.,43
2019.08.06.,77
2019.08.07.,45
2019.08.08.,41
2019.08.09.,29
2019.08.10.,5
2019.08.11.,9
2019.08.12.,45
2019.08.13.,66
2019.08.14.,45
2019.08.15.,11
2019.08.16.,29
2019.08.17.,2
2019.08.18.,26
2019.08.19.,103
2019.08.20.,49
2019.08.21.,57
2019.08.22.,42
2019.08.23.,28
2019.08.24.,13
2019.08.25.,8
2019.08.26.,38
2019.08.27.,26
2019.08.28.,41
2019.08.29.,39
2019.08.30.,24
2019.08.31.,13
2019.09.01.,18
2019.09.02.,29
2019.09.03.,21
2019.09.04.,54
2019.09.05.,22
2019.09.06.,87
2019.09.07.,7
2019.09.08.,14
2019.09.09.,32
2019.09.10.,16
2019.09.11.,23
2019.09.12.,10
2019.09.13.,6
2019.09.14.,35
2019.09.15.,20
2019.09.16.,39
2019.09.17.,36
2019.09.18.,30
2019.09.19.,22
2019.09.20.,21
2019.09.21.,6
2019.09.22.,18
2019.09.23.,52
2019.09.24.,63
2019.09.25.,140
2019.09.26.,39
2019.09.27.,29
2019.09.28.,12
2019.09.29.,15
2019.09.30.,72
2019.10.01.,45
2019.10.02.,74
2019.10.03.,14
2019.10.04.,33
2019.10.05.,18
2019.10.06.,15
2019.10.07.,41
2019.10.08.,48
2019.10.09.,20
2019.10.10.,35
2019.10.11.,34
2019.10.12.,21
2019.10.13.,10
2019.10.14.,30
2019.10.15.,59
2019.10.16.,30
2019.10.17.,39
2019.10.18.,20
2019.10.19.,9
2019.10.20.,26
2019.10.21.,30
2019.10.22.,22
2019.10.23.,49
2019.10.24.,54
2019.10.25.,53
2019.10.26.,28
2019.10.27.,11
2019.10.28.,49
2019.10.29.,40
2019.10.30.,56
2019.10.31.,36
2019.11.01.,39
2019.11.02.,8
2019.11.03.,10
2019.11.04.,41
2019.11.05.,40
2019.11.06.,44
2019.11.07.,28
2019.11.08.,37
2019.11.09.,3
2019.11.10.,12
2019.11.11.,45
2019.11.12.,34
2019.11.13.,34
2019.11.14.,22
2019.11.15.,36
2019.11.16.,8
2019.11.17.,7
2019.11.18.,37
2019.11.19.,44
2019.11.20.,26
2019.11.21.,35
2019.11.22.,27
2019.11.23.,13
2019.11.24.,15
2019.11.25.,34
2019.11.26.,69
2019.11.27.,71
2019.11.28.,90
2019.11.29.,36
2019.11.30.,9
2019.12.01.,15
2019.12.02.,33
2019.12.03.,26
2019.12.04.,24
2019.12.05.,27
2019.12.06.,20
2019.12.07.,7
2019.12.08.,37
2019.12.09.,67
2019.12.10.,33
2019.12.11.,38
2019.12.12.,45
2019.12.13.,37
2019.12.14.,11
2019.12.15.,14
2019.12.16.,29
2019.12.17.,34
2019.12.18.,22
2019.12.19.,34
2019.12.20.,25
2019.12.21.,5
2019.12.22.,17
2019.12.23.,34
2019.12.24.,18
2019.12.25.,15
2019.12.26.,17
2019.12.27.,25
2019.12.28.,11
2019.12.29.,42
2019.12.30.,77
2019.12.31.,32
2020.01.01.,9
2020.01.02.,32
2020.01.03.,32
2020.01.04.,11
2020.01.05.,16
2020.01.06.,62
2020.01.07.,20
2020.01.08.,40
2020.01.09.,46
2020.01.10.,41
2020.01.11.,12
2020.01.12.,27
2020.01.13.,36
2020.01.14.,30
2020.01.15.,36
2020.01.16.,59
2020.01.17.,29
2020.01.18.,2
2020.01.19.,18
2020.01.20.,73
2020.01.21.,28
2020.01.22.,24
2020.01.23.,11
2020.01.24.,11
2020.01.25.,7
2020.01.26.,8
2020.01.27.,16
2020.01.28.,63
2020.01.29.,25
2020.01.30.,28
2020.01.31.,45
2020.02.01.,3
2020.02.02.,9
2020.02.03.,37
2020.02.04.,41
2020.02.05.,31
2020.02.06.,41
2020.02.07.,23
2020.02.08.,3
2020.02.09.,19
2020.02.10.,20
2020.02.11.,30
2020.02.12.,23
2020.02.13.,22
2020.02.14.,12
2020.02.15.,4
2020.02.16.,14
2020.02.17.,42
2020.02.18.,18
2020.02.19.,20
2020.02.20.,22
2020.02.21.,12
2020.02.22.,7
2020.02.23.,6
2020.02.24.,24
2020.02.25.,26
2020.02.26.,15
2020.02.27.,20
2020.02.28.,36
2020.02.29.,5
2020.03.01.,15
2020.03.02.,26
2020.03.03.,36
2020.03.04.,39
2020.03.05.,115
2020.03.06.,43
2020.03.07.,17
2020.03.08.,13
2020.03.09.,40
2020.03.10.,29
2020.03.11.,26
2020.03.12.,42
2020.03.13.,54
2020.03.14.,7
2020.03.15.,21
2020.03.16.,50
2020.03.17.,44
2020.03.18.,37
2020.03.19.,36
2020.03.20.,95
2020.03.21.,61
2020.03.22.,49
2020.03.23.,79
2020.03.24.,150
2020.03.25.,128
2020.03.26.,167
2020.03.27.,100
2020.03.28.,25
2020.03.29.,23
2020.03.30.,99
2020.03.31.,120
2020.04.01.,90
2020.04.02.,93
2020.04.03.,40
2020.04.04.,6
2020.04.05.,11
2020.04.06.,153
2020.04.07.,70
2020.04.08.,45
2020.04.09.,60
2020.04.10.,33
2020.04.11.,13
2020.04.12.,22
2020.04.13.,144
2020.04.14.,48
2020.04.15.,16
2020.04.16.,56
2020.04.17.,69
2020.04.18.,32
2020.04.19.,21
2020.04.20.,44
2020.04.21.,58
2020.04.22.,30
2020.04.23.,56
2020.04.24.,148
2020.04.25.,38
2020.04.26.,13
2020.04.27.,99
2020.04.28.,61
2020.04.29.,113
2020.04.30.,19
2020.05.01.,40
2020.05.02.,12
2020.05.03.,27
2020.05.04.,33
2020.05.05.,31
2020.05.06.,144
2020.05.07.,39
2020.05.08.,45
2020.05.09.,8
2020.05.10.,10
2020.05.11.,31
2020.05.12.,36
2020.05.13.,34
2020.05.14.,45
2020.05.15.,89
2020.05.16.,8
2020.05.17.,15
2020.05.18.,42
2020.05.19.,75
2020.05.20.,30
2020.05.21.,42
2020.05.22.,28
2020.05.23.,8
2020.05.24.,12
2020.05.25.,24
2020.05.26.,31
2020.05.27.,60
2020.05.28.,39
2020.05.29.,23
2020.05.30.,11
2020.05.31.,12
2020.06.01.,46
2020.06.02.,55
2020.06.03.,47
2020.06.04.,49
2020.06.05.,38
2020.06.06.,20
2020.06.07.,14
2020.06.08.,31
2020.06.09.,26
2020.06.10.,32
2020.06.11.,36
2020.06.12.,57
2020.06.13.,29
2020.06.14.,19
2020.06.15.,31
2020.06.16.,52
2020.06.17.,107
2020.06.18.,132
2020.06.19.,28
2020.06.20.,18
2020.06.21.,32
2020.06.22.,87
2020.06.23.,51
2020.06.24.,44
2020.06.25.,20
2020.06.26.,78
2020.06.27.,9
2020.06.28.,13
2020.06.29.,37
2020.06.30.,73
2020.07.01.,70
2020.07.02.,40
2020.07.03.,22
2020.07.04.,12
2020.07.05.,15
2020.07.06.,103
2020.07.07.,70
2020.07.08.,81
2020.07.09.,51
2020.07.10.,41
2020.07.11.,5
2020.07.12.,13
2020.07.13.,48
2020.07.14.,47
2020.07.15.,59
2020.07.16.,82
2020.07.17.,93
2020.07.18.,23
2020.07.19.,16
2020.07.20.,26
2020.07.21.,24
2020.07.22.,120
2020.07.23.,56
2020.07.24.,25
2020.07.25.,7
2020.07.26.,19
2020.07.27.,51
2020.07.28.,41
2020.07.29.,28
2020.07.30.,26
2020.07.31.,27
2020.08.01.,12
2020.08.02.,15
2020.08.03.,30
2020.08.04.,73
2020.08.05.,65
2020.08.06.,36
2020.08.07.,85
2020.08.08.,16
2020.08.09.,11
2020.08.10.,26
2020.08.11.,46
2020.08.12.,14
2020.08.13.,18
2020.08.14.,25
2020.08.15.,8
2020.08.16.,9
2020.08.17.,16
2020.08.18.,44
2020.08.19.,28
2020.08.20.,33
2020.08.21.,55
2020.08.22.,18
2020.08.23.,6
2020.08.24.,55
2020.08.25.,25
2020.08.26.,38
2020.08.27.,56
2020.08.28.,42
2020.08.29.,2
2020.08.30.,18
2020.08.31.,37
2020.09.01.,70
2020.09.02.,54
2020.09.03.,45
2020.09.04.,52
2020.09.05.,8
2020.09.06.,13
2020.09.07.,43
2020.09.08.,66
2020.09.09.,50
2020.09.10.,29
2020.09.11.,27
2020.09.12.,10
2020.09.13.,21
2020.09.14.,26
2020.09.15.,18
2020.09.16.,26
2020.09.17.,27
2020.09.18.,23
2020.09.19.,3
2020.09.20.,15
2020.09.21.,35
2020.09.22.,28
2020.09.23.,47
2020.09.24.,33
2020.09.25.,30
2020.09.26.,6
2020.09.27.,16
2020.09.28.,50
2020.09.29.,37
2020.09.30.,8
2020.10.01.,5
2020.10.02.,6
2020.10.03.,5
2020.10.04.,15
2020.10.05.,32
2020.10.06.,30
2020.10.07.,18
2020.10.08.,46
2020.10.09.,18
2020.10.10.,7
2020.10.11.,15
2020.10.12.,67
2020.10.13.,40
2020.10.14.,25
2020.10.15.,60
2020.10.16.,73
2020.10.17.,25
2020.10.18.,8
2020.10.19.,55
2020.10.20.,50
2020.10.21.,110
2020.10.22.,95
2020.10.23.,57
2020.10.24.,7
2020.10.25.,11
2020.10.26.,30
2020.10.27.,32
2020.10.28.,62
2020.10.29.,60
2020.10.30.,27
2020.10.31.,17
2020.11.01.,27
2020.11.02.,78
2020.11.03.,23
2020.11.04.,50
2020.11.05.,20
2020.11.06.,65
2020.11.07.,11
2020.11.08.,12
2020.11.09.,69
2020.11.10.,27
2020.11.11.,24
2020.11.12.,19
2020.11.13.,64
2020.11.14.,5
2020.11.15.,1
2020.11.16.,28
2020.11.17.,34
2020.11.18.,94
2020.11.19.,82
2020.11.20.,40
2020.11.21.,20
2020.11.22.,13
2020.11.23.,81
2020.11.24.,107
2020.11.25.,56
2020.11.26.,153
2020.11.27.,79
2020.11.28.,16
2020.11.29.,8
2020.11.30.,45
2020.12.01.,109
2020.12.02.,65
2020.12.03.,34
2020.12.04.,56
2020.12.05.,11
2020.12.06.,24
2020.12.07.,44
2020.12.08.,70
2020.12.09.,49
2020.12.10.,43
2020.12.11.,42
2020.12.12.,4
2020.12.13.,7
2020.12.14.,26
2020.12.15.,49
2020.12.16.,34
2020.12.17.,101
2020.12.18.,78
2020.12.19.,8
2020.12.20.,6
2020.12.21.,187
2020.12.22.,194
2020.12.23.,69
2020.12.24.,61
2020.12.25.,16
2020.12.26.,9
2020.12.27.,58
2020.12.28.,73
2020.12.29.,41
2020.12.30.,36
2020.12.31.,123
2021.01.01.,13
2021.01.02.,17
2021.01.03.,88
2021.01.04.,80
2021.01.05.,71
2021.01.06.,108
2021.01.07.,255
2021.01.08.,174
2021.01.09.,21
2021.01.10.,43
2021.01.11.,91
2021.01.12.,132
2021.01.13.,71
2021.01.14.,100
2021.01.15.,51
2021.01.16.,9
2021.01.17.,19
2021.01.18.,67
2021.01.19.,57
2021.01.20.,105
2021.01.21.,64
2021.01.22.,99
2021.01.23.,17
2021.01.24.,18
2021.01.25.,36
2021.01.26.,57
2021.01.27.,79
2021.01.28.,45
2021.01.29.,62
2021.01.30.,11
2021.01.31.,16
2021.02.01.,90
2021.02.02.,84
2021.02.03.,98
2021.02.04.,106
2021.02.05.,51
2021.02.06.,34
2021.02.07.,33
2021.02.08.,86
2021.02.09.,256
2021.02.10.,90
2021.02.11.,36
2021.02.12.,38
2021.02.13.,46
2021.02.14.,32
2021.02.15.,108
2021.02.16.,150
2021.02.17.,279
2021.02.18.,278
2021.02.19.,165
2021.02.20.,137
2021.02.21.,97
2021.02.22.,302
2021.02.23.,311
2021.02.24.,220
2021.02.25.,141
2021.02.26.,102
2021.02.27.,65
2021.02.28.,45
2021.03.01.,50
2021.03.02.,150
2021.03.03.,106
2021.03.04.,89
2021.03.05.,96
2021.03.06.,41
2021.03.07.,23
2021.03.08.,191
2021.03.09.,157
2021.03.10.,159
2021.03.11.,134
2021.03.12.,105
2021.03.13.,93
2021.03.14.,136
2021.03.15.,193
2021.03.16.,190
2021.03.17.,111
2021.03.18.,148
2021.03.19.,109
2021.03.20.,37
2021.03.21.,56
2021.03.22.,138
2021.03.23.,212
2021.03.24.,140
2021.03.25.,189
2021.03.26.,94
2021.03.27.,30
2021.03.28.,32
2021.03.29.,103
2021.03.30.,167
2021.03.31.,203
2021.04.01.,282
2021.04.02.,201
2021.04.03.,67
2021.04.04.,43
2021.04.05.,149
2021.04.06.,194
2021.04.07.,237
2021.04.08.,195
2021.04.09.,158
2021.04.10.,41
2021.04.11.,67
2021.04.12.,196
2021.04.13.,221
2021.04.14.,333
2021.04.15.,413
2021.04.16.,226
2021.04.17.,108
2021.04.18.,106
2021.04.19.,411
2021.04.20.,417
2021.04.21.,411
2021.04.22.,519
2021.04.23.,707
2021.04.24.,208
2021.04.25.,212
2021.04.26.,639
2021.04.27.,760
2021.04.28.,657
2021.04.29.,336
2021.04.30.,255
