"날짜","종가","오픈","고가","저가","거래량","변동 %"
"2021년 04월 30일","3,147.86","3,176.43","3,179.43","3,143.38","1.36B","-0.83%"
"2021년 04월 29일","3,174.07","3,184.75","3,200.41","3,161.06","1.22B","-0.23%"
"2021년 04월 28일","3,181.47","3,217.21","3,219.69","3,176.55","1.41B","-1.06%"
"2021년 04월 27일","3,215.42","3,218.30","3,223.05","3,203.25","1.53B","-0.07%"
"2021년 04월 26일","3,217.53","3,191.34","3,217.53","3,191.34","1.30B","0.99%"
"2021년 04월 23일","3,186.10","3,173.47","3,188.70","3,146.54","2.25B","0.27%"
"2021년 04월 22일","3,177.52","3,174.52","3,196.97","3,174.52","1.75B","0.18%"
"2021년 04월 21일","3,171.66","3,214.24","3,214.24","3,165.49","1.77B","-1.52%"
"2021년 04월 20일","3,220.70","3,198.31","3,220.82","3,195.96","1.30B","0.68%"
"2021년 04월 19일","3,198.84","3,201.11","3,214.45","3,193.40","1.06B","0.01%"
"2021년 04월 16일","3,198.62","3,194.08","3,206.76","3,185.67","985.28M","0.13%"
"2021년 04월 15일","3,194.33","3,180.73","3,204.48","3,178.99","1.31B","0.38%"
"2021년 04월 14일","3,182.38","3,169.95","3,188.32","3,162.12","1.78B","0.42%"
"2021년 04월 13일","3,169.08","3,138.21","3,173.26","3,136.99","1.74B","1.07%"
"2021년 04월 12일","3,135.59","3,134.88","3,147.27","3,127.91","1.05B","0.12%"
"2021년 04월 09일","3,131.88","3,146.51","3,156.04","3,125.24","1.82B","-0.36%"
"2021년 04월 08일","3,143.26","3,137.25","3,145.81","3,122.09","1.36B","0.19%"
"2021년 04월 07일","3,137.41","3,129.07","3,146.19","3,125.33","1.98B","0.33%"
"2021년 04월 06일","3,127.08","3,123.80","3,139.29","3,110.19","1.28B","0.20%"
"2021년 04월 05일","3,120.83","3,121.23","3,127.20","3,101.86","1.08B","0.26%"
"2021년 04월 02일","3,112.80","3,104.72","3,121.58","3,101.60","792.70M","0.82%"
"2021년 04월 01일","3,087.40","3,073.77","3,090.88","3,069.68","922.68M","0.85%"
"2021년 03월 31일","3,061.42","3,073.39","3,093.89","3,061.40","1.15B","-0.28%"
"2021년 03월 30일","3,070.00","3,038.44","3,074.57","3,038.44","1.02B","1.12%"
"2021년 03월 29일","3,036.04","3,047.71","3,054.21","3,025.39","1.29B","-0.16%"
"2021년 03월 26일","3,041.01","3,012.79","3,041.86","3,012.79","1.04B","1.09%"
"2021년 03월 25일","3,008.33","2,995.67","3,024.63","2,987.83","940.35M","0.40%"
"2021년 03월 24일","2,996.35","2,996.32","3,006.54","2,971.04","978.43M","-0.28%"
"2021년 03월 23일","3,004.74","3,038.25","3,058.79","3,003.05","1.33B","-1.01%"
"2021년 03월 22일","3,035.46","3,040.01","3,048.11","3,019.60","915.74M","-0.13%"
"2021년 03월 19일","3,039.53","3,063.01","3,063.01","3,022.49","1.07B","-0.86%"
"2021년 03월 18일","3,066.01","3,054.93","3,090.19","3,054.93","1.23B","0.61%"
"2021년 03월 17일","3,047.50","3,067.76","3,069.57","3,027.20","814.99M","-0.64%"
"2021년 03월 16일","3,067.17","3,049.23","3,071.54","3,049.23","1.12B","0.70%"
"2021년 03월 15일","3,045.71","3,057.06","3,065.17","3,036.14","1.16B","-0.28%"
"2021년 03월 12일","3,054.39","3,030.73","3,061.43","3,030.73","1.67B","1.35%"
"2021년 03월 11일","3,013.70","2,964.30","3,028.37","2,964.30","1.35B","1.88%"
"2021년 03월 10일","2,958.12","2,980.76","3,013.95","2,951.53","905.65M","-0.60%"
"2021년 03월 09일","2,976.12","2,989.96","3,000.49","2,929.36","1.53B","-0.67%"
"2021년 03월 08일","2,996.11","3,031.99","3,055.65","2,992.64","1.93B","-1.00%"
"2021년 03월 05일","3,026.26","3,036.16","3,036.98","2,982.45","1.19B","-0.57%"
"2021년 03월 04일","3,043.49","3,076.88","3,076.88","3,022.54","1.28B","-1.28%"
"2021년 03월 03일","3,082.99","3,041.20","3,083.04","3,029.37","2.24B","1.29%"
"2021년 03월 02일","3,043.87","3,021.68","3,096.50","3,020.74","1.75B","1.03%"
"2021년 02월 26일","3,012.95","3,089.49","3,089.49","2,988.28","1.36B","-2.80%"
"2021년 02월 25일","3,099.69","3,026.47","3,099.80","3,026.47","1.28B","3.50%"
"2021년 02월 24일","2,994.98","3,070.58","3,092.05","2,993.46","1.56B","-2.45%"
"2021년 02월 23일","3,070.09","3,069.26","3,094.29","3,035.46","2.36B","-0.31%"
"2021년 02월 22일","3,079.75","3,114.03","3,142.48","3,079.16","1.83B","-0.90%"
"2021년 02월 19일","3,107.62","3,089.96","3,109.67","3,040.28","3.46B","0.68%"
"2021년 02월 18일","3,086.66","3,131.74","3,140.40","3,086.66","1.86B","-1.50%"
"2021년 02월 17일","3,133.73","3,162.95","3,162.95","3,115.48","1.78B","-0.93%"
"2021년 02월 16일","3,163.25","3,151.85","3,180.94","3,145.84","1.94B","0.52%"
"2021년 02월 15일","3,147.00","3,108.70","3,156.56","3,108.70","1.60B","1.50%"
"2021년 02월 10일","3,100.58","3,088.13","3,111.88","3,064.25","2.15B","0.52%"
"2021년 02월 09일","3,084.67","3,102.25","3,129.66","3,084.67","2.15B","-0.21%"
"2021년 02월 08일","3,091.24","3,113.63","3,128.54","3,085.59","1.28B","-0.94%"
"2021년 02월 05일","3,120.63","3,098.49","3,124.62","3,081.78","1.19B","1.07%"
"2021년 02월 04일","3,087.55","3,135.02","3,135.02","3,068.46","1.46B","-1.35%"
"2021년 02월 03일","3,129.68","3,108.42","3,142.26","3,091.85","901.79M","1.06%"
"2021년 02월 02일","3,096.81","3,065.56","3,138.95","3,065.56","887.31M","1.32%"
"2021년 02월 01일","3,056.53","2,976.81","3,056.87","2,947.24","969.26M","2.70%"
"2021년 01월 29일","2,976.21","3,078.73","3,100.22","2,962.70","995.07M","-3.03%"
"2021년 01월 28일","3,069.05","3,114.98","3,114.98","3,046.64","1.31B","-1.71%"
"2021년 01월 27일","3,122.56","3,143.46","3,182.53","3,118.89","924.58M","-0.57%"
"2021년 01월 26일","3,140.31","3,203.96","3,209.18","3,132.67","873.02M","-2.14%"
"2021년 01월 25일","3,208.99","3,144.01","3,212.22","3,142.80","1.09B","2.18%"
"2021년 01월 22일","3,140.63","3,163.83","3,185.26","3,140.60","1.11B","-0.64%"
"2021년 01월 21일","3,160.84","3,123.27","3,163.21","3,123.27","1.36B","1.49%"
"2021년 01월 20일","3,114.55","3,115.04","3,145.01","3,077.15","1.19B","0.71%"
"2021년 01월 19일","3,092.66","3,013.05","3,107.00","3,011.32","1.35B","2.61%"
"2021년 01월 18일","3,013.93","3,079.90","3,079.90","3,003.89","1.47B","-2.33%"
"2021년 01월 15일","3,085.90","3,153.84","3,189.90","3,085.90","1.33B","-2.03%"
"2021년 01월 14일","3,149.93","3,148.65","3,159.03","3,128.72","1.23B","0.05%"
"2021년 01월 13일","3,148.29","3,128.26","3,164.37","3,109.63","1.58B","0.71%"
"2021년 01월 12일","3,125.95","3,145.87","3,154.79","3,047.56","1.39B","-0.71%"
"2021년 01월 11일","3,148.45","3,161.90","3,266.23","3,096.19","1.71B","-0.12%"
"2021년 01월 08일","3,152.18","3,040.11","3,161.11","3,040.11","1.30B","3.97%"
"2021년 01월 07일","3,031.68","2,980.75","3,055.28","2,980.75","1.52B","2.14%"
"2021년 01월 06일","2,968.21","2,993.34","3,027.16","2,961.37","1.79B","-0.75%"
"2021년 01월 05일","2,990.57","2,943.67","2,990.57","2,921.84","1.52B","1.57%"
"2021년 01월 04일","2,944.45","2,874.50","2,946.54","2,869.11","1.03B","2.47%"
"2020년 12월 30일","2,873.47","2,820.36","2,878.21","2,809.35","1.07B","1.88%"
"2020년 12월 29일","2,820.51","2,810.55","2,823.44","2,792.06","1.05B","0.42%"
"2020년 12월 28일","2,808.60","2,820.95","2,834.59","2,799.56","1.01B","0.06%"
"2020년 12월 24일","2,806.86","2,762.60","2,812.16","2,762.60","1.03B","1.70%"
"2020년 12월 23일","2,759.82","2,737.74","2,769.08","2,716.28","1.12B","0.96%"
"2020년 12월 22일","2,733.68","2,772.03","2,774.22","2,733.64","1.26B","-1.62%"
"2020년 12월 21일","2,778.65","2,771.98","2,780.24","2,747.09","1.14B","0.23%"
"2020년 12월 18일","2,772.18","2,770.95","2,782.15","2,762.80","1.06B","0.06%"
"2020년 12월 17일","2,770.43","2,769.89","2,772.71","2,742.25","1.02B","-0.05%"
"2020년 12월 16일","2,771.79","2,763.64","2,781.08","2,761.50","1.17B","0.54%"
"2020년 12월 15일","2,756.82","2,763.65","2,769.37","2,735.08","1.09B","-0.19%"
"2020년 12월 14일","2,762.20","2,769.43","2,782.79","2,755.29","1.11B","-0.28%"
"2020년 12월 11일","2,770.06","2,754.16","2,781.04","2,754.16","1.22B","0.86%"
"2020년 12월 10일","2,746.46","2,750.34","2,765.46","2,718.70","1.23B","-0.33%"
"2020년 12월 09일","2,755.47","2,703.30","2,755.47","2,703.30","1.25B","2.02%"
"2020년 12월 08일","2,700.93","2,745.13","2,747.45","2,700.92","1.42B","-1.62%"
"2020년 12월 07일","2,745.44","2,738.11","2,754.01","2,711.42","1.50B","0.51%"
"2020년 12월 04일","2,731.45","2,705.34","2,742.77","2,705.34","1.78B","1.31%"
"2020년 12월 03일","2,696.22","2,686.38","2,696.22","2,672.85","817.07M","0.76%"
"2020년 12월 02일","2,675.90","2,645.88","2,677.26","2,644.53","1.08B","1.58%"
"2020년 12월 01일","2,634.25","2,613.42","2,638.87","2,611.67","1.15B","1.66%"
"2020년 11월 30일","2,591.34","2,648.05","2,648.66","2,591.34","1.31B","-1.60%"
"2020년 11월 27일","2,633.45","2,624.80","2,635.00","2,618.47","1.20B","0.29%"
"2020년 11월 26일","2,625.91","2,605.73","2,625.97","2,592.43","1.39B","0.94%"
"2020년 11월 25일","2,601.54","2,637.34","2,642.26","2,583.41","1.41B","-0.62%"
"2020년 11월 24일","2,617.76","2,616.28","2,628.52","2,605.03","1.36B","0.58%"
"2020년 11월 23일","2,602.59","2,560.04","2,605.58","2,553.70","1.65B","1.92%"
"2020년 11월 20일","2,553.50","2,544.06","2,558.21","2,539.79","1.13B","0.24%"
"2020년 11월 19일","2,547.42","2,536.89","2,548.95","2,529.53","976.48M","0.07%"
"2020년 11월 18일","2,545.64","2,548.85","2,553.95","2,536.78","923.50M","0.26%"
"2020년 11월 17일","2,539.15","2,544.12","2,556.09","2,533.34","1.27B","-0.15%"
"2020년 11월 16일","2,543.03","2,507.46","2,546.37","2,507.46","1.24B","1.97%"
"2020년 11월 13일","2,493.87","2,470.12","2,495.77","2,460.96","1.07B","0.74%"
"2020년 11월 12일","2,475.62","2,482.68","2,488.79","2,467.04","1.28B","-0.41%"
"2020년 11월 11일","2,485.87","2,459.50","2,488.04","2,459.50","1.27B","1.35%"
"2020년 11월 10일","2,452.83","2,453.95","2,457.94","2,435.59","1.46B","0.23%"
"2020년 11월 09일","2,447.20","2,438.63","2,459.15","2,434.52","1.35B","1.27%"
"2020년 11월 06일","2,416.50","2,421.79","2,431.11","2,404.97","825.57M","0.11%"
"2020년 11월 05일","2,413.79","2,373.41","2,413.79","2,370.85","702.04M","2.40%"
"2020년 11월 04일","2,357.32","2,361.32","2,371.14","2,339.95","986.79M","0.60%"
"2020년 11월 03일","2,343.31","2,315.81","2,344.77","2,315.30","887.44M","1.88%"
"2020년 11월 02일","2,300.16","2,276.61","2,302.64","2,267.95","678.50M","1.46%"
"2020년 10월 30일","2,267.15","2,319.56","2,320.20","2,266.93","795.59M","-2.56%"
"2020년 10월 29일","2,326.67","2,312.34","2,330.17","2,299.91","509.77M","-0.79%"
"2020년 10월 28일","2,345.26","2,324.18","2,345.46","2,316.47","705.77M","0.62%"
"2020년 10월 27일","2,330.84","2,328.66","2,349.33","2,321.23","666.94M","-0.56%"
"2020년 10월 26일","2,343.91","2,366.50","2,374.50","2,342.58","822.27M","-0.72%"
"2020년 10월 23일","2,360.81","2,364.84","2,368.57","2,344.49","890.38M","0.24%"
"2020년 10월 22일","2,355.05","2,355.61","2,360.22","2,339.73","815.61M","-0.67%"
"2020년 10월 21일","2,370.86","2,363.03","2,371.74","2,356.32","812.84M","0.53%"
"2020년 10월 20일","2,358.41","2,333.56","2,358.41","2,322.06","874.29M","0.50%"
"2020년 10월 19일","2,346.74","2,352.92","2,364.25","2,344.77","931.64M","0.22%"
"2020년 10월 16일","2,341.53","2,363.88","2,370.73","2,325.03","920.20M","-0.83%"
"2020년 10월 15일","2,361.21","2,375.91","2,376.73","2,348.74","1.17B","-0.81%"
"2020년 10월 14일","2,380.48","2,403.74","2,405.56","2,375.54","901.18M","-0.94%"
"2020년 10월 13일","2,403.15","2,416.85","2,418.89","2,385.87","724.92M","-0.02%"
"2020년 10월 12일","2,403.73","2,404.18","2,409.42","2,393.74","843.57M","0.49%"
"2020년 10월 08일","2,391.96","2,408.49","2,409.01","2,383.82","961.73M","0.21%"
"2020년 10월 07일","2,386.94","2,350.82","2,387.45","2,347.82","737.99M","0.89%"
"2020년 10월 06일","2,365.90","2,369.17","2,378.28","2,355.39","861.75M","0.34%"
"2020년 10월 05일","2,358.00","2,330.55","2,364.73","2,327.83","763.62M","1.29%"
"2020년 09월 29일","2,327.89","2,331.51","2,339.83","2,320.04","646.22M","0.86%"
"2020년 09월 28일","2,308.08","2,301.16","2,314.81","2,291.32","605.98M","1.29%"
"2020년 09월 25일","2,278.79","2,295.19","2,296.36","2,267.63","697.96M","0.27%"
"2020년 09월 24일","2,272.70","2,295.62","2,309.74","2,268.88","714.88M","-2.59%"
"2020년 09월 23일","2,333.24","2,352.56","2,354.46","2,287.44","735.04M","0.03%"
"2020년 09월 22일","2,332.59","2,388.14","2,388.49","2,323.58","1.05B","-2.38%"
"2020년 09월 21일","2,389.39","2,412.44","2,427.17","2,379.38","1.04B","-0.95%"
"2020년 09월 18일","2,412.40","2,413.53","2,417.81","2,396.33","756.52M","0.26%"
"2020년 09월 17일","2,406.17","2,430.77","2,437.02","2,398.69","853.74M","-1.22%"
"2020년 09월 16일","2,435.92","2,442.72","2,450.53","2,429.94","772.94M","-0.31%"
"2020년 09월 15일","2,443.58","2,434.59","2,444.57","2,423.79","849.97M","0.65%"
"2020년 09월 14일","2,427.91","2,418.33","2,429.07","2,410.79","963.08M","1.30%"
"2020년 09월 11일","2,396.69","2,389.76","2,397.56","2,374.00","882.88M","0.01%"
"2020년 09월 10일","2,396.48","2,404.83","2,406.68","2,388.56","1.06B","0.87%"
"2020년 09월 09일","2,375.81","2,372.53","2,388.85","2,369.12","946.25M","-1.09%"
"2020년 09월 08일","2,401.91","2,402.66","2,407.56","2,391.43","979.36M","0.74%"
"2020년 09월 07일","2,384.22","2,369.85","2,387.49","2,362.42","1.20B","0.67%"
"2020년 09월 04일","2,368.25","2,332.68","2,371.02","2,332.68","1.35B","-1.15%"
"2020년 09월 03일","2,395.90","2,383.26","2,401.78","2,382.23","981.55M","1.33%"
"2020년 09월 02일","2,364.37","2,363.43","2,369.57","2,341.29","1.43B","0.63%"
"2020년 09월 01일","2,349.55","2,340.19","2,355.90","2,331.23","1.09B","1.01%"
"2020년 08월 31일","2,326.17","2,377.09","2,381.50","2,326.06","1.65B","-1.17%"
"2020년 08월 28일","2,353.80","2,362.22","2,379.26","2,345.28","1.30B","0.40%"
"2020년 08월 27일","2,344.45","2,371.95","2,373.36","2,344.38","913.92M","-1.05%"
"2020년 08월 26일","2,369.32","2,367.74","2,374.68","2,336.98","956.48M","0.11%"
"2020년 08월 25일","2,366.73","2,352.15","2,369.78","2,340.97","771.58M","1.58%"
"2020년 08월 24일","2,329.83","2,309.38","2,332.33","2,283.48","649.28M","1.10%"
"2020년 08월 21일","2,304.59","2,306.16","2,329.34","2,280.97","865.73M","1.34%"
"2020년 08월 20일","2,274.22","2,339.91","2,357.08","2,270.85","903.74M","-3.66%"
"2020년 08월 19일","2,360.54","2,370.87","2,380.10","2,353.17","637.96M","0.52%"
"2020년 08월 18일","2,348.24","2,405.84","2,419.65","2,336.78","909.75M","-2.46%"
"2020년 08월 14일","2,407.49","2,427.85","2,435.00","2,383.69","968.12M","-1.23%"
"2020년 08월 13일","2,437.53","2,455.28","2,458.17","2,412.49","907.22M","0.21%"
"2020년 08월 12일","2,432.35","2,414.78","2,432.35","2,393.27","763.73M","0.57%"
"2020년 08월 11일","2,418.67","2,396.11","2,429.36","2,396.11","843.44M","1.35%"
"2020년 08월 10일","2,386.38","2,353.92","2,390.51","2,349.33","784.62M","1.48%"
"2020년 08월 07일","2,351.67","2,349.25","2,362.24","2,333.62","812.59M","0.39%"
"2020년 08월 06일","2,342.61","2,322.64","2,352.48","2,322.64","797.15M","1.33%"
"2020년 08월 05일","2,311.86","2,289.23","2,312.14","2,283.95","841.30M","1.40%"
"2020년 08월 04일","2,279.97","2,272.33","2,284.66","2,269.69","722.91M","1.29%"
"2020년 08월 03일","2,251.04","2,251.65","2,254.38","2,237.04","648.46M","0.07%"
"2020년 07월 31일","2,249.37","2,278.53","2,281.41","2,248.49","739.69M","-0.78%"
"2020년 07월 30일","2,267.01","2,275.33","2,281.33","2,263.81","713.04M","0.17%"
"2020년 07월 29일","2,263.16","2,258.35","2,276.79","2,252.24","899.49M","0.27%"
"2020년 07월 28일","2,256.99","2,238.19","2,266.00","2,237.21","866.72M","1.76%"
"2020년 07월 27일","2,217.86","2,203.48","2,231.25","2,203.48","928.62M","0.79%"
"2020년 07월 24일","2,200.44","2,196.73","2,219.57","2,195.49","1.00B","-0.71%"
"2020년 07월 23일","2,216.19","2,227.24","2,227.24","2,202.99","934.54M","-0.56%"
"2020년 07월 22일","2,228.66","2,228.20","2,238.86","2,221.62","856.22M","-0.01%"
"2020년 07월 21일","2,228.83","2,219.19","2,234.86","2,214.28","918.48M","1.39%"
"2020년 07월 20일","2,198.20","2,209.59","2,209.59","2,183.83","686.82M","-0.14%"
"2020년 07월 17일","2,201.19","2,187.85","2,204.20","2,187.85","569.30M","0.80%"
"2020년 07월 16일","2,183.76","2,203.30","2,207.34","2,177.82","784.64M","-0.82%"
"2020년 07월 15일","2,201.88","2,208.73","2,216.97","2,190.66","830.27M","0.84%"
"2020년 07월 14일","2,183.61","2,176.43","2,183.61","2,165.60","810.95M","-0.11%"
"2020년 07월 13일","2,186.06","2,170.51","2,188.80","2,163.07","650.23M","1.67%"
"2020년 07월 10일","2,150.25","2,171.44","2,171.52","2,140.29","886.99M","-0.81%"
"2020년 07월 09일","2,167.90","2,171.15","2,181.48","2,166.74","619.37M","0.42%"
"2020년 07월 08일","2,158.88","2,166.76","2,173.83","2,150.89","677.81M","-0.24%"
"2020년 07월 07일","2,164.17","2,202.04","2,206.79","2,164.03","847.43M","-1.09%"
"2020년 07월 06일","2,187.93","2,158.95","2,191.28","2,157.71","666.90M","1.65%"
"2020년 07월 03일","2,152.41","2,147.89","2,153.54","2,135.30","770.05M","0.80%"
"2020년 07월 02일","2,135.37","2,116.72","2,135.37","2,113.98","1.09B","1.36%"
"2020년 07월 01일","2,106.70","2,128.81","2,133.55","2,101.33","1.12B","-0.08%"
"2020년 06월 30일","2,108.33","2,124.38","2,134.38","2,108.26","708.60M","0.71%"
"2020년 06월 29일","2,093.48","2,105.54","2,120.50","2,087.84","643.16M","-1.93%"
"2020년 06월 26일","2,134.65","2,137.47","2,142.04","2,115.25","761.04M","1.05%"
"2020년 06월 25일","2,112.37","2,130.45","2,143.33","2,112.37","1.02B","-2.27%"
"2020년 06월 24일","2,161.51","2,145.93","2,171.86","2,143.91","913.90M","1.42%"
"2020년 06월 23일","2,131.24","2,149.13","2,158.15","2,110.51","917.57M","0.21%"
"2020년 06월 22일","2,126.73","2,126.38","2,142.88","2,122.10","789.37M","-0.68%"
"2020년 06월 19일","2,141.32","2,153.09","2,153.57","2,108.91","1.08B","0.37%"
"2020년 06월 18일","2,133.48","2,134.35","2,145.13","2,120.29","767.18M","-0.35%"
"2020년 06월 17일","2,141.05","2,133.18","2,154.37","2,105.26","927.52M","0.14%"
"2020년 06월 16일","2,138.05","2,091.09","2,138.08","2,079.02","973.64M","5.28%"
"2020년 06월 15일","2,030.82","2,114.41","2,129.67","2,030.82","1.07B","-4.76%"
"2020년 06월 12일","2,132.30","2,088.24","2,137.12","2,084.63","689.90M","-2.04%"
"2020년 06월 11일","2,176.78","2,184.36","2,200.72","2,148.51","827.38M","-0.86%"
"2020년 06월 10일","2,195.69","2,187.91","2,200.68","2,178.12","706.29M","0.31%"
"2020년 06월 09일","2,188.92","2,206.23","2,212.17","2,166.01","817.08M","0.21%"
"2020년 06월 08일","2,184.29","2,215.60","2,217.21","2,174.96","854.04M","0.11%"
"2020년 06월 05일","2,181.87","2,151.17","2,187.25","2,138.18","854.59M","1.43%"
"2020년 06월 04일","2,151.18","2,181.64","2,191.00","2,139.68","1.39B","0.19%"
"2020년 06월 03일","2,147.00","2,108.55","2,156.55","2,107.69","1.15B","2.87%"
"2020년 06월 02일","2,087.19","2,061.45","2,089.43","2,059.14","1.00B","1.07%"
"2020년 06월 01일","2,065.08","2,037.04","2,065.38","2,035.63","997.35M","1.75%"
"2020년 05월 29일","2,029.60","2,018.37","2,038.89","2,006.62","1.09B","0.05%"
"2020년 05월 28일","2,028.54","2,047.08","2,054.52","2,003.75","1.17B","-0.13%"
"2020년 05월 27일","2,031.20","2,027.90","2,043.44","2,019.82","1.18B","0.07%"
"2020년 05월 26일","2,029.78","2,001.00","2,029.89","1,997.94","1.02B","1.76%"
"2020년 05월 25일","1,994.60","1,980.51","1,994.90","1,967.84","641.46M","1.24%"
"2020년 05월 22일","1,970.13","2,001.60","2,002.65","1,961.40","847.47M","-1.41%"
"2020년 05월 21일","1,998.31","2,003.20","2,004.95","1,993.00","601.20M","0.44%"
"2020년 05월 20일","1,989.64","1,972.12","1,992.20","1,972.12","699.45M","0.46%"
"2020년 05월 19일","1,980.61","1,977.47","1,983.77","1,968.59","773.41M","2.25%"
"2020년 05월 18일","1,937.11","1,934.51","1,943.07","1,921.14","761.69M","0.51%"
"2020년 05월 15일","1,927.28","1,937.63","1,938.59","1,913.21","866.36M","0.12%"
"2020년 05월 14일","1,924.96","1,922.44","1,931.43","1,913.49","760.65M","-0.80%"
"2020년 05월 13일","1,940.42","1,897.50","1,940.42","1,897.24","618.78M","0.95%"
"2020년 05월 12일","1,922.17","1,938.62","1,938.62","1,905.17","799.93M","-0.68%"
"2020년 05월 11일","1,935.40","1,953.51","1,960.46","1,932.87","591.28M","-0.54%"
"2020년 05월 08일","1,945.82","1,944.94","1,956.89","1,942.54","784.77M","0.89%"
"2020년 05월 07일","1,928.61","1,922.00","1,938.50","1,918.57","775.66M","-0.01%"
"2020년 05월 06일","1,928.76","1,919.45","1,928.76","1,902.55","1.08B","1.76%"
"2020년 05월 04일","1,895.37","1,906.42","1,918.66","1,894.29","1.15B","-2.68%"
"2020년 04월 29일","1,947.56","1,936.89","1,957.51","1,934.31","1.98B","0.70%"
"2020년 04월 28일","1,934.09","1,931.25","1,941.79","1,911.63","1.17B","0.59%"
"2020년 04월 27일","1,922.77","1,897.06","1,929.82","1,894.62","735.66M","1.79%"
"2020년 04월 24일","1,889.01","1,906.07","1,908.29","1,880.71","933.92M","-1.34%"
"2020년 04월 23일","1,914.73","1,907.45","1,923.53","1,895.98","683.72M","0.98%"
"2020년 04월 22일","1,896.15","1,855.51","1,897.90","1,844.85","820.36M","0.89%"
"2020년 04월 21일","1,879.38","1,886.78","1,898.32","1,841.66","1.17B","-1.00%"
"2020년 04월 20일","1,898.36","1,908.34","1,925.25","1,893.17","1.09B","-0.84%"
"2020년 04월 17일","1,914.53","1,893.31","1,926.02","1,893.19","1.67B","3.09%"
"2020년 04월 16일","1,857.07","1,839.51","1,862.23","1,828.13","878.34M","-0.00%"
"2020년 04월 14일","1,857.08","1,846.41","1,864.46","1,837.17","886.77M","1.72%"
"2020년 04월 13일","1,825.76","1,853.30","1,853.30","1,825.76","1.02B","-1.88%"
"2020년 04월 10일","1,860.70","1,835.76","1,861.10","1,824.43","992.55M","1.33%"
"2020년 04월 09일","1,836.21","1,838.09","1,839.33","1,818.30","920.57M","1.61%"
"2020년 04월 08일","1,807.14","1,815.75","1,842.16","1,801.80","907.49M","-0.90%"
"2020년 04월 07일","1,823.60","1,826.72","1,838.97","1,791.92","951.74M","1.77%"
"2020년 04월 06일","1,791.88","1,745.25","1,794.19","1,742.67","1.22B","3.85%"
"2020년 04월 03일","1,725.44","1,731.17","1,743.91","1,706.68","1.00B","0.03%"
"2020년 04월 02일","1,724.86","1,693.53","1,726.76","1,664.13","766.31M","2.34%"
"2020년 04월 01일","1,685.46","1,737.28","1,762.44","1,685.37","1.24B","-3.94%"
"2020년 03월 31일","1,754.64","1,739.29","1,757.81","1,722.62","1.04B","2.19%"
"2020년 03월 30일","1,717.12","1,670.34","1,729.63","1,659.95","767.78M","-0.04%"
"2020년 03월 27일","1,717.73","1,756.07","1,759.05","1,668.21","1.08B","1.87%"
"2020년 03월 26일","1,686.24","1,699.11","1,735.75","1,679.23","992.47M","-1.09%"
"2020년 03월 25일","1,704.76","1,668.19","1,707.64","1,645.28","872.81M","5.89%"
"2020년 03월 24일","1,609.97","1,523.69","1,609.97","1,508.68","679.29M","8.60%"
"2020년 03월 23일","1,482.46","1,474.45","1,516.75","1,458.41","647.53M","-5.34%"
"2020년 03월 20일","1,566.15","1,498.49","1,566.82","1,466.48","817.02M","7.44%"
"2020년 03월 19일","1,457.64","1,626.09","1,626.09","1,439.43","977.67M","-8.39%"
"2020년 03월 18일","1,591.20","1,686.12","1,693.95","1,591.12","728.01M","-4.86%"
"2020년 03월 17일","1,672.44","1,640.84","1,722.97","1,637.88","649.78M","-2.47%"
"2020년 03월 16일","1,714.86","1,805.43","1,805.43","1,714.38","682.00M","-3.19%"
"2020년 03월 13일","1,771.44","1,722.68","1,809.31","1,680.60","1.04B","-3.43%"
"2020년 03월 12일","1,834.33","1,887.97","1,897.23","1,808.56","850.34M","-3.87%"
"2020년 03월 11일","1,908.27","1,965.67","1,967.70","1,898.27","679.72M","-2.78%"
"2020년 03월 10일","1,962.93","1,942.85","1,968.17","1,934.72","638.56M","0.42%"
"2020년 03월 09일","1,954.77","1,981.02","1,989.50","1,946.90","666.87M","-4.19%"
"2020년 03월 06일","2,040.22","2,053.09","2,062.57","2,032.13","865.59M","-2.16%"
"2020년 03월 05일","2,085.26","2,078.11","2,089.08","2,059.99","675.20M","1.26%"
"2020년 03월 04일","2,059.33","2,005.81","2,063.59","2,005.81","606.29M","2.24%"
"2020년 03월 03일","2,014.15","2,051.85","2,051.85","2,009.39","615.69M","0.58%"
"2020년 03월 02일","2,002.51","1,997.03","2,017.07","1,969.34","528.10M","0.78%"
"2020년 02월 28일","1,987.01","2,020.17","2,031.01","1,980.82","671.55M","-3.30%"
"2020년 02월 27일","2,054.89","2,073.87","2,085.40","2,049.15","562.77M","-1.05%"
"2020년 02월 26일","2,076.77","2,064.07","2,089.64","2,059.13","810.94M","-1.28%"
"2020년 02월 25일","2,103.61","2,075.55","2,105.49","2,071.50","1.57B","1.18%"
"2020년 02월 24일","2,079.04","2,114.04","2,120.06","2,079.03","948.62M","-3.87%"
"2020년 02월 21일","2,162.84","2,165.65","2,184.43","2,160.28","635.47M","-1.49%"
"2020년 02월 20일","2,195.50","2,223.55","2,228.18","2,186.72","709.56M","-0.67%"
"2020년 02월 19일","2,210.34","2,222.51","2,226.00","2,191.20","591.16M","0.07%"
"2020년 02월 18일","2,208.88","2,225.98","2,232.93","2,205.21","470.42M","-1.48%"
"2020년 02월 17일","2,242.17","2,243.07","2,250.05","2,230.26","458.25M","-0.06%"
"2020년 02월 14일","2,243.59","2,232.71","2,251.50","2,221.90","597.22M","0.48%"
"2020년 02월 13일","2,232.96","2,245.72","2,255.49","2,230.30","638.67M","-0.24%"
"2020년 02월 12일","2,238.38","2,225.95","2,242.24","2,214.77","632.46M","0.69%"
"2020년 02월 11일","2,223.12","2,213.50","2,233.32","2,211.25","526.21M","1.00%"
"2020년 02월 10일","2,201.07","2,185.63","2,203.39","2,180.51","609.57M","-0.49%"
"2020년 02월 07일","2,211.95","2,221.49","2,223.92","2,198.14","800.34M","-0.72%"
"2020년 02월 06일","2,227.94","2,184.77","2,229.99","2,182.25","695.22M","2.88%"
"2020년 02월 05일","2,165.63","2,177.26","2,181.52","2,154.88","574.40M","0.36%"
"2020년 02월 04일","2,157.90","2,121.22","2,162.32","2,120.53","624.64M","1.84%"
"2020년 02월 03일","2,118.88","2,086.61","2,126.73","2,082.74","836.70M","-0.01%"
"2020년 01월 31일","2,119.01","2,160.60","2,167.23","2,119.01","710.51M","-1.35%"
"2020년 01월 30일","2,148.00","2,181.54","2,187.45","2,139.72","602.84M","-1.71%"
"2020년 01월 29일","2,185.28","2,188.18","2,195.45","2,172.33","692.30M","0.39%"
"2020년 01월 28일","2,176.72","2,192.22","2,199.93","2,166.23","808.88M","-3.09%"
"2020년 01월 23일","2,246.13","2,254.54","2,260.63","2,241.94","509.61M","-0.93%"
"2020년 01월 22일","2,267.25","2,238.53","2,269.27","2,235.13","608.51M","1.23%"
"2020년 01월 21일","2,239.69","2,259.81","2,266.31","2,238.25","770.32M","-1.01%"
"2020년 01월 20일","2,262.64","2,261.40","2,277.23","2,258.09","545.49M","0.54%"
"2020년 01월 17일","2,250.57","2,261.57","2,268.71","2,245.58","580.82M","0.11%"
"2020년 01월 16일","2,248.05","2,231.93","2,249.09","2,225.41","808.33M","0.77%"
"2020년 01월 15일","2,230.98","2,229.80","2,238.21","2,223.39","746.16M","-0.35%"
"2020년 01월 14일","2,238.88","2,243.06","2,250.79","2,232.94","835.90M","0.43%"
"2020년 01월 13일","2,229.26","2,204.49","2,230.43","2,204.49","488.29M","1.04%"
"2020년 01월 10일","2,206.39","2,189.48","2,206.92","2,188.10","594.54M","0.91%"
"2020년 01월 09일","2,186.45","2,182.20","2,186.45","2,172.16","592.60M","1.63%"
"2020년 01월 08일","2,151.31","2,156.27","2,162.32","2,137.72","913.83M","-1.11%"
"2020년 01월 07일","2,175.54","2,166.60","2,181.62","2,164.27","568.24M","0.95%"
"2020년 01월 06일","2,155.07","2,154.97","2,164.42","2,149.95","592.67M","-0.98%"
"2020년 01월 03일","2,176.46","2,192.58","2,203.38","2,165.39","631.56M","0.06%"
"2020년 01월 02일","2,175.17","2,201.21","2,202.32","2,171.84","494.68M","-1.02%"
"2019년 12월 30일","2,197.67","2,202.62","2,208.04","2,195.65","416.40M","-0.30%"
"2019년 12월 27일","2,204.21","2,183.70","2,215.55","2,177.40","490.17M","0.29%"
"2019년 12월 26일","2,197.93","2,192.22","2,198.01","2,183.90","571.31M","0.36%"
"2019년 12월 24일","2,190.08","2,206.23","2,206.23","2,187.58","569.97M","-0.62%"
"2019년 12월 23일","2,203.71","2,208.22","2,209.20","2,196.43","502.03M","-0.02%"
"2019년 12월 20일","2,204.18","2,205.57","2,206.82","2,194.80","646.68M","0.35%"
"2019년 12월 19일","2,196.56","2,199.42","2,204.73","2,186.59","643.14M","0.08%"
"2019년 12월 18일","2,194.76","2,194.92","2,204.04","2,187.32","591.11M","-0.04%"
"2019년 12월 17일","2,195.68","2,179.40","2,196.01","2,171.09","599.53M","1.27%"
"2019년 12월 16일","2,168.15","2,168.05","2,175.01","2,166.29","377.05M","-0.10%"
"2019년 12월 13일","2,170.25","2,164.63","2,170.25","2,159.45","540.03M","1.54%"
"2019년 12월 12일","2,137.35","2,120.13","2,138.93","2,120.13","584.64M","1.51%"
"2019년 12월 11일","2,105.62","2,098.28","2,109.22","2,092.48","668.73M","0.36%"
"2019년 12월 10일","2,098.00","2,081.22","2,100.48","2,080.16","500.06M","0.45%"
"2019년 12월 09일","2,088.65","2,091.94","2,093.81","2,084.31","393.13M","0.33%"
"2019년 12월 06일","2,081.85","2,072.44","2,084.44","2,070.17","440.19M","1.02%"
"2019년 12월 05일","2,060.74","2,078.31","2,084.29","2,053.56","472.19M","-0.39%"
"2019년 12월 04일","2,068.89","2,070.84","2,072.91","2,057.45","347.00M","-0.73%"
"2019년 12월 03일","2,084.07","2,075.02","2,085.71","2,066.60","450.04M","-0.38%"
"2019년 12월 02일","2,091.92","2,097.55","2,103.87","2,088.92","385.34M","0.19%"
"2019년 11월 29일","2,087.96","2,125.53","2,125.53","2,085.10","433.26M","-1.45%"
"2019년 11월 28일","2,118.60","2,116.93","2,127.75","2,116.58","335.23M","-0.43%"
"2019년 11월 27일","2,127.85","2,134.47","2,136.30","2,118.07","367.80M","0.31%"
"2019년 11월 26일","2,121.35","2,129.27","2,139.64","2,120.85","532.60M","-0.10%"
"2019년 11월 25일","2,123.50","2,117.14","2,130.04","2,116.07","397.68M","1.02%"
"2019년 11월 22일","2,101.96","2,098.89","2,106.42","2,093.99","519.85M","0.26%"
"2019년 11월 21일","2,096.60","2,123.65","2,125.36","2,088.19","579.55M","-1.35%"
"2019년 11월 20일","2,125.32","2,140.06","2,145.97","2,123.80","581.06M","-1.30%"
"2019년 11월 19일","2,153.24","2,151.04","2,154.41","2,137.01","826.88M","-0.34%"
"2019년 11월 18일","2,160.69","2,161.89","2,165.89","2,151.97","489.23M","-0.07%"
"2019년 11월 15일","2,162.18","2,137.96","2,165.02","2,135.26","556.25M","1.07%"
"2019년 11월 14일","2,139.23","2,127.54","2,139.23","2,121.32","521.11M","0.79%"
"2019년 11월 13일","2,122.45","2,132.48","2,133.37","2,118.67","664.36M","-0.86%"
"2019년 11월 12일","2,140.92","2,131.26","2,140.94","2,121.80","610.43M","0.79%"
"2019년 11월 11일","2,124.09","2,139.07","2,139.07","2,119.07","617.27M","-0.61%"
"2019년 11월 08일","2,137.23","2,154.18","2,155.94","2,133.75","574.13M","-0.33%"
"2019년 11월 07일","2,144.29","2,141.05","2,147.01","2,135.45","425.66M","0.01%"
"2019년 11월 06일","2,144.15","2,142.69","2,156.23","2,138.83","410.08M","0.07%"
"2019년 11월 05일","2,142.64","2,133.66","2,143.12","2,128.70","400.64M","0.58%"
"2019년 11월 04일","2,130.24","2,111.32","2,130.83","2,111.32","476.26M","1.43%"
"2019년 11월 01일","2,100.20","2,084.79","2,100.42","2,081.53","418.31M","0.80%"
"2019년 10월 31일","2,083.48","2,089.22","2,103.71","2,083.48","461.32M","0.15%"
"2019년 10월 30일","2,080.27","2,093.51","2,093.51","2,075.54","415.55M","-0.59%"
"2019년 10월 29일","2,092.69","2,103.92","2,105.17","2,088.04","357.66M","-0.04%"
"2019년 10월 28일","2,093.60","2,096.67","2,104.39","2,089.76","269.23M","0.27%"
"2019년 10월 25일","2,087.89","2,091.16","2,091.24","2,079.30","348.69M","0.11%"
"2019년 10월 24일","2,085.66","2,089.85","2,089.85","2,067.90","367.72M","0.24%"
"2019년 10월 23일","2,080.62","2,086.81","2,088.25","2,074.88","429.45M","-0.39%"
"2019년 10월 22일","2,088.86","2,076.29","2,093.81","2,073.08","504.06M","1.16%"
"2019년 10월 21일","2,064.84","2,067.97","2,067.97","2,059.33","606.11M","0.20%"
"2019년 10월 18일","2,060.69","2,082.23","2,088.54","2,057.89","516.69M","-0.83%"
"2019년 10월 17일","2,077.94","2,081.76","2,087.15","2,072.49","314.18M","-0.23%"
"2019년 10월 16일","2,082.83","2,080.92","2,090.01","2,073.80","524.54M","0.71%"
"2019년 10월 15일","2,068.17","2,064.78","2,073.21","2,064.34","464.53M","0.04%"
"2019년 10월 14일","2,067.40","2,068.13","2,075.10","2,065.53","511.22M","1.11%"
"2019년 10월 11일","2,044.61","2,048.08","2,053.94","2,040.48","381.15M","0.81%"
"2019년 10월 10일","2,028.15","2,030.13","2,040.88","2,010.90","445.85M","-0.88%"
"2019년 10월 08일","2,046.25","2,029.37","2,046.81","2,024.63","437.52M","1.21%"
"2019년 10월 07일","2,021.73","2,031.53","2,034.94","2,016.19","322.18M","0.05%"
"2019년 10월 04일","2,020.69","2,028.40","2,039.43","2,020.69","402.94M","-0.55%"
"2019년 10월 02일","2,031.91","2,058.23","2,058.23","2,031.91","414.46M","-1.95%"
"2019년 10월 01일","2,072.42","2,062.44","2,077.48","2,057.91","389.34M","0.45%"
"2019년 09월 30일","2,063.05","2,045.77","2,064.99","2,042.01","327.62M","0.64%"
"2019년 09월 27일","2,049.93","2,066.96","2,066.96","2,044.75","285.94M","-1.19%"
"2019년 09월 26일","2,074.52","2,082.66","2,087.33","2,064.34","430.58M","0.05%"
"2019년 09월 25일","2,073.39","2,093.47","2,095.27","2,072.41","651.55M","-1.32%"
"2019년 09월 24일","2,101.04","2,090.19","2,101.63","2,085.91","535.77M","0.45%"
"2019년 09월 23일","2,091.70","2,087.70","2,095.54","2,085.60","420.95M","0.01%"
"2019년 09월 20일","2,091.52","2,080.86","2,092.37","2,077.30","589.92M","0.54%"
"2019년 09월 19일","2,080.35","2,070.53","2,089.81","2,070.53","493.04M","0.46%"
"2019년 09월 18일","2,070.73","2,064.42","2,075.63","2,058.52","613.15M","0.41%"
"2019년 09월 17일","2,062.33","2,058.72","2,066.33","2,055.17","508.00M","0.01%"
"2019년 09월 16일","2,062.22","2,056.26","2,062.22","2,044.80","493.52M","0.64%"
"2019년 09월 11일","2,049.20","2,043.72","2,050.80","2,040.04","429.08M","0.84%"
"2019년 09월 10일","2,032.08","2,024.79","2,034.28","2,021.58","504.39M","0.62%"
"2019년 09월 09일","2,019.55","2,013.38","2,029.80","2,013.28","511.82M","0.52%"
"2019년 09월 06일","2,009.13","2,016.11","2,017.20","2,005.69","384.44M","0.22%"
"2019년 09월 05일","2,004.75","1,993.62","2,015.39","1,992.51","488.07M","0.82%"
"2019년 09월 04일","1,988.53","1,962.43","1,988.53","1,962.08","348.72M","1.16%"
"2019년 09월 03일","1,965.69","1,966.50","1,976.37","1,960.15","342.08M","-0.18%"
"2019년 09월 02일","1,969.19","1,961.19","1,973.25","1,958.59","262.15M","0.07%"
"2019년 08월 30일","1,967.79","1,951.66","1,971.21","1,951.30","317.73M","1.78%"
"2019년 08월 29일","1,933.41","1,943.55","1,947.15","1,928.49","285.10M","-0.40%"
"2019년 08월 28일","1,941.09","1,929.96","1,943.62","1,926.43","284.34M","0.86%"
"2019년 08월 27일","1,924.60","1,928.98","1,937.42","1,919.28","427.04M","0.43%"
"2019년 08월 26일","1,916.31","1,915.34","1,924.49","1,909.92","324.85M","-1.64%"
"2019년 08월 23일","1,948.30","1,942.42","1,953.85","1,940.60","381.09M","-0.14%"
"2019년 08월 22일","1,951.01","1,966.60","1,967.96","1,951.01","435.56M","-0.69%"
"2019년 08월 21일","1,964.65","1,954.57","1,971.12","1,954.47","391.57M","0.22%"
"2019년 08월 20일","1,960.25","1,942.99","1,964.16","1,937.53","463.60M","1.05%"
"2019년 08월 19일","1,939.90","1,936.64","1,943.09","1,931.44","481.02M","0.66%"
"2019년 08월 16일","1,927.17","1,921.49","1,927.70","1,911.72","421.68M","-0.58%"
"2019년 08월 14일","1,938.37","1,946.18","1,952.22","1,937.23","699.59M","0.65%"
"2019년 08월 13일","1,925.83","1,928.76","1,937.68","1,923.58","660.04M","-0.85%"
"2019년 08월 12일","1,942.29","1,941.53","1,949.19","1,933.25","427.14M","0.23%"
"2019년 08월 09일","1,937.75","1,940.06","1,946.94","1,936.14","654.34M","0.89%"
"2019년 08월 08일","1,920.61","1,926.28","1,937.95","1,915.81","777.16M","0.57%"
"2019년 08월 07일","1,909.71","1,925.33","1,929.29","1,901.61","760.78M","-0.41%"
"2019년 08월 06일","1,917.50","1,900.36","1,948.53","1,891.81","739.59M","-1.51%"
"2019년 08월 05일","1,946.98","1,985.93","1,987.64","1,945.39","639.60M","-2.56%"
"2019년 08월 02일","1,998.13","1,995.31","2,005.31","1,987.12","438.54M","-0.95%"
"2019년 08월 01일","2,017.34","2,015.09","2,032.23","2,009.33","461.74M","-0.36%"
"2019년 07월 31일","2,024.55","2,036.46","2,041.16","2,010.95","589.39M","-0.69%"
"2019년 07월 30일","2,038.68","2,035.32","2,044.59","2,032.61","547.03M","0.45%"
"2019년 07월 29일","2,029.48","2,059.13","2,063.13","2,025.01","608.67M","-1.78%"
"2019년 07월 26일","2,066.26","2,063.35","2,068.16","2,054.64","589.07M","-0.40%"
"2019년 07월 25일","2,074.48","2,085.67","2,088.81","2,061.08","598.63M","-0.38%"
"2019년 07월 24일","2,082.30","2,097.16","2,105.68","2,080.66","851.39M","-0.91%"
"2019년 07월 23일","2,101.45","2,095.76","2,106.39","2,095.38","648.12M","0.39%"
"2019년 07월 22일","2,093.34","2,090.35","2,099.34","2,087.51","332.63M","-0.05%"
"2019년 07월 19일","2,094.36","2,080.21","2,096.73","2,076.51","394.90M","1.35%"
"2019년 07월 18일","2,066.55","2,068.66","2,073.20","2,061.33","446.64M","-0.31%"
"2019년 07월 17일","2,072.92","2,079.91","2,080.01","2,063.49","761.63M","-0.91%"
"2019년 07월 16일","2,091.87","2,084.46","2,096.67","2,078.74","682.80M","0.45%"
"2019년 07월 15일","2,082.48","2,083.39","2,088.34","2,073.10","463.52M","-0.20%"
"2019년 07월 12일","2,086.66","2,083.53","2,090.43","2,077.35","403.94M","0.29%"
"2019년 07월 11일","2,080.58","2,070.59","2,088.24","2,070.21","376.68M","1.06%"
"2019년 07월 10일","2,058.78","2,061.55","2,068.20","2,056.48","355.68M","0.33%"
"2019년 07월 09일","2,052.03","2,070.35","2,075.30","2,052.03","440.12M","-0.59%"
"2019년 07월 08일","2,064.17","2,091.91","2,092.54","2,063.78","515.95M","-2.20%"
"2019년 07월 05일","2,110.59","2,111.00","2,115.43","2,096.23","459.39M","0.09%"
"2019년 07월 04일","2,108.73","2,102.36","2,108.80","2,088.97","446.93M","0.61%"
"2019년 07월 03일","2,096.02","2,120.75","2,127.71","2,093.32","522.71M","-1.23%"
"2019년 07월 02일","2,122.02","2,122.07","2,130.86","2,112.52","460.83M","-0.36%"
"2019년 07월 01일","2,129.74","2,147.24","2,147.24","2,126.87","412.29M","-0.04%"
"2019년 06월 28일","2,130.62","2,135.06","2,139.24","2,123.97","537.27M","-0.17%"
"2019년 06월 27일","2,134.32","2,120.73","2,141.27","2,118.22","644.90M","0.59%"
"2019년 06월 26일","2,121.85","2,120.20","2,128.25","2,115.72","736.85M","0.01%"
"2019년 06월 25일","2,121.64","2,125.74","2,136.24","2,115.11","643.00M","-0.22%"
"2019년 06월 24일","2,126.33","2,130.32","2,134.48","2,123.88","669.64M","0.03%"
"2019년 06월 21일","2,125.62","2,132.38","2,132.68","2,120.15","692.03M","-0.27%"
"2019년 06월 20일","2,131.29","2,121.78","2,131.77","2,120.42","1.01B","0.31%"
"2019년 06월 19일","2,124.78","2,119.54","2,126.74","2,117.64","862.98M","1.24%"
"2019년 06월 18일","2,098.71","2,089.31","2,103.02","2,089.31","600.96M","0.38%"
"2019년 06월 17일","2,090.73","2,091.71","2,103.59","2,087.25","561.55M","-0.22%"
"2019년 06월 14일","2,095.41","2,096.32","2,103.02","2,087.47","473.37M","-0.37%"
"2019년 06월 13일","2,103.15","2,104.46","2,108.01","2,081.92","553.39M","-0.27%"
"2019년 06월 12일","2,108.75","2,111.66","2,118.89","2,104.41","693.51M","-0.14%"
"2019년 06월 11일","2,111.81","2,096.09","2,114.57","2,094.60","550.74M","0.59%"
"2019년 06월 10일","2,099.49","2,087.37","2,099.65","2,075.51","457.64M","1.31%"
"2019년 06월 07일","2,072.33","2,070.78","2,081.16","2,057.97","368.39M","0.16%"
"2019년 06월 05일","2,069.11","2,084.16","2,086.49","2,065.71","380.16M","0.10%"
"2019년 06월 04일","2,066.97","2,066.78","2,072.19","2,060.98","435.99M","-0.04%"
"2019년 06월 03일","2,067.85","2,031.03","2,070.58","2,029.17","387.14M","1.28%"
"2019년 05월 31일","2,041.74","2,029.03","2,048.90","2,022.97","439.18M","0.14%"
"2019년 05월 30일","2,038.80","2,024.33","2,040.66","2,023.91","461.85M","0.77%"
"2019년 05월 29일","2,023.32","2,046.71","2,046.71","2,016.25","380.89M","-1.25%"
"2019년 05월 28일","2,048.83","2,044.77","2,058.42","2,038.52","494.48M","0.23%"
"2019년 05월 27일","2,044.21","2,044.25","2,055.13","2,035.87","351.62M","-0.05%"
"2019년 05월 24일","2,045.31","2,047.30","2,057.38","2,035.98","480.65M","-0.69%"
"2019년 05월 23일","2,059.59","2,063.25","2,065.86","2,046.82","509.27M","-0.26%"
"2019년 05월 22일","2,064.86","2,068.65","2,070.80","2,048.01","509.97M","0.18%"
"2019년 05월 21일","2,061.25","2,056.95","2,076.47","2,053.69","526.86M","0.27%"
"2019년 05월 20일","2,055.71","2,066.53","2,077.10","2,051.69","640.20M","-0.00%"
"2019년 05월 17일","2,055.80","2,081.57","2,082.83","2,053.79","537.38M","-0.58%"
"2019년 05월 16일","2,067.69","2,094.88","2,095.58","2,062.44","745.16M","-1.20%"
"2019년 05월 15일","2,092.78","2,081.92","2,100.01","2,076.46","577.79M","0.53%"
"2019년 05월 14일","2,081.84","2,060.24","2,093.41","2,056.74","696.20M","0.14%"
"2019년 05월 13일","2,079.01","2,091.80","2,101.09","2,077.72","505.75M","-1.38%"
"2019년 05월 10일","2,108.04","2,118.42","2,124.92","2,090.39","714.77M","0.29%"
"2019년 05월 09일","2,102.01","2,159.79","2,164.98","2,102.01","743.51M","-3.04%"
"2019년 05월 08일","2,168.01","2,151.34","2,179.34","2,151.34","456.33M","-0.41%"
"2019년 05월 07일","2,176.99","2,172.39","2,179.51","2,160.44","484.10M","-0.88%"
"2019년 05월 03일","2,196.32","2,209.44","2,211.36","2,192.36","617.88M","-0.74%"
"2019년 05월 02일","2,212.75","2,192.94","2,217.03","2,191.30","369.06M","0.42%"
"2019년 04월 30일","2,203.59","2,213.43","2,215.77","2,186.33","381.41M","-0.58%"
"2019년 04월 29일","2,216.43","2,183.41","2,216.43","2,181.82","380.82M","1.70%"
"2019년 04월 26일","2,179.31","2,178.13","2,186.52","2,168.15","570.17M","-0.51%"
"2019년 04월 25일","2,190.50","2,195.47","2,200.89","2,187.44","441.14M","-0.48%"
"2019년 04월 24일","2,201.03","2,229.75","2,229.75","2,190.29","575.10M","-0.88%"
"2019년 04월 23일","2,220.51","2,217.61","2,223.92","2,212.14","481.18M","0.17%"
"2019년 04월 22일","2,216.65","2,218.50","2,227.94","2,207.25","493.98M","0.02%"
"2019년 04월 19일","2,216.15","2,223.42","2,225.37","2,215.58","525.26M","0.11%"
"2019년 04월 18일","2,213.77","2,248.80","2,250.11","2,210.43","573.34M","-1.43%"
"2019년 04월 17일","2,245.89","2,249.05","2,252.05","2,242.01","452.47M","-0.12%"
"2019년 04월 16일","2,248.63","2,241.06","2,249.89","2,235.72","569.06M","0.26%"
"2019년 04월 15일","2,242.88","2,242.31","2,251.22","2,240.29","404.16M","0.42%"
"2019년 04월 12일","2,233.45","2,221.10","2,233.45","2,212.88","449.63M","0.41%"
"2019년 04월 11일","2,224.44","2,227.69","2,230.41","2,217.18","402.02M","0.00%"
"2019년 04월 10일","2,224.39","2,206.20","2,225.02","2,203.82","399.69M","0.49%"
"2019년 04월 09일","2,213.56","2,212.32","2,221.62","2,203.54","414.81M","0.13%"
"2019년 04월 08일","2,210.60","2,217.66","2,217.87","2,202.49","347.91M","0.04%"
"2019년 04월 05일","2,209.61","2,206.36","2,214.82","2,205.26","517.15M","0.14%"
"2019년 04월 04일","2,206.53","2,201.04","2,216.15","2,198.66","431.01M","0.15%"
"2019년 04월 03일","2,203.27","2,176.81","2,203.29","2,172.83","358.64M","1.20%"
"2019년 04월 02일","2,177.18","2,177.20","2,181.37","2,171.84","257.45M","0.41%"
"2019년 04월 01일","2,168.28","2,153.31","2,171.49","2,153.31","263.31M","1.29%"
"2019년 03월 29일","2,140.67","2,138.45","2,143.30","2,124.07","364.62M","0.59%"
"2019년 03월 28일","2,128.10","2,131.25","2,136.40","2,120.93","288.04M","-0.82%"
"2019년 03월 27일","2,145.62","2,147.19","2,152.91","2,132.42","363.17M","-0.15%"
"2019년 03월 26일","2,148.80","2,152.98","2,153.90","2,143.63","301.25M","0.18%"
"2019년 03월 25일","2,144.86","2,158.80","2,159.25","2,143.70","307.07M","-1.92%"
"2019년 03월 22일","2,186.95","2,192.72","2,195.42","2,178.77","333.62M","0.09%"
"2019년 03월 21일","2,184.88","2,183.11","2,200.32","2,173.70","342.75M","0.36%"
"2019년 03월 20일","2,177.10","2,171.41","2,177.19","2,152.21","317.61M","-0.02%"
"2019년 03월 19일","2,177.62","2,183.03","2,183.76","2,171.05","319.70M","-0.09%"
"2019년 03월 18일","2,179.49","2,179.69","2,183.90","2,172.34","257.95M","0.16%"
"2019년 03월 15일","2,176.11","2,152.96","2,181.77","2,152.59","387.14M","0.95%"
"2019년 03월 14일","2,155.68","2,154.35","2,158.34","2,142.31","341.01M","0.34%"
"2019년 03월 13일","2,148.41","2,152.66","2,154.11","2,134.16","285.60M","-0.41%"
"2019년 03월 12일","2,157.18","2,154.61","2,161.69","2,150.96","355.28M","0.89%"
"2019년 03월 11일","2,138.10","2,140.29","2,145.31","2,125.54","272.10M","0.03%"
"2019년 03월 08일","2,137.44","2,152.80","2,159.67","2,137.44","313.31M","-1.31%"
"2019년 03월 07일","2,165.79","2,173.19","2,181.19","2,155.19","292.58M","-0.45%"
"2019년 03월 06일","2,175.60","2,177.11","2,179.01","2,168.46","328.94M","-0.17%"
"2019년 03월 05일","2,179.23","2,183.35","2,185.74","2,171.33","313.14M","-0.52%"
"2019년 03월 04일","2,190.66","2,210.97","2,216.02","2,188.56","373.17M","-0.22%"
"2019년 02월 28일","2,195.44","2,231.58","2,233.93","2,195.44","510.02M","-1.76%"
"2019년 02월 27일","2,234.79","2,234.46","2,237.77","2,228.16","301.51M","0.37%"
"2019년 02월 26일","2,226.60","2,230.37","2,235.70","2,221.76","331.96M","-0.27%"
"2019년 02월 25일","2,232.56","2,241.13","2,241.76","2,224.64","339.23M","0.09%"
"2019년 02월 22일","2,230.50","2,222.32","2,230.50","2,217.08","409.31M","0.08%"
"2019년 02월 21일","2,228.66","2,224.26","2,234.31","2,213.19","382.51M","-0.05%"
"2019년 02월 20일","2,229.76","2,216.74","2,234.68","2,213.83","374.34M","1.09%"
"2019년 02월 19일","2,205.63","2,208.96","2,213.87","2,193.34","389.09M","-0.24%"
"2019년 02월 18일","2,210.89","2,207.36","2,217.32","2,203.00","314.37M","0.67%"
"2019년 02월 15일","2,196.09","2,210.94","2,210.94","2,187.71","400.59M","-1.34%"
"2019년 02월 14일","2,225.85","2,195.92","2,225.85","2,186.09","573.36M","1.11%"
"2019년 02월 13일","2,201.48","2,200.00","2,203.71","2,194.75","421.99M","0.50%"
"2019년 02월 12일","2,190.47","2,182.71","2,195.05","2,178.59","429.94M","0.45%"
"2019년 02월 11일","2,180.73","2,180.54","2,181.58","2,167.36","406.06M","0.17%"
"2019년 02월 08일","2,177.05","2,192.01","2,192.48","2,171.96","391.03M","-1.20%"
"2019년 02월 07일","2,203.42","2,215.77","2,215.79","2,196.77","427.84M","-0.00%"
"2019년 02월 01일","2,203.46","2,211.93","2,218.78","2,201.41","479.38M","-0.06%"
"2019년 01월 31일","2,204.85","2,222.88","2,222.88","2,201.22","545.25M","-0.06%"
"2019년 01월 30일","2,206.20","2,183.49","2,206.20","2,177.88","480.39M","1.05%"
"2019년 01월 29일","2,183.36","2,172.83","2,183.36","2,162.53","552.59M","0.28%"
"2019년 01월 28일","2,177.30","2,184.41","2,188.15","2,169.17","371.62M","-0.02%"
"2019년 01월 25일","2,177.73","2,147.92","2,178.01","2,146.64","410.00M","1.52%"
"2019년 01월 24일","2,145.03","2,127.88","2,145.08","2,125.48","413.65M","0.81%"
"2019년 01월 23일","2,127.78","2,108.72","2,131.05","2,106.74","408.60M","0.47%"
"2019년 01월 22일","2,117.77","2,126.03","2,129.37","2,108.91","419.44M","-0.32%"
"2019년 01월 21일","2,124.61","2,133.87","2,134.17","2,114.45","398.03M","0.02%"
"2019년 01월 18일","2,124.28","2,116.43","2,124.50","2,113.44","456.74M","0.82%"
"2019년 01월 17일","2,107.06","2,110.14","2,117.43","2,101.70","475.88M","0.05%"
"2019년 01월 16일","2,106.10","2,098.65","2,106.35","2,091.92","500.08M","0.43%"
"2019년 01월 15일","2,097.18","2,069.14","2,098.01","2,067.58","439.49M","1.58%"
"2019년 01월 14일","2,064.52","2,070.49","2,073.94","2,059.46","432.89M","-0.53%"
"2019년 01월 11일","2,075.57","2,070.36","2,076.99","2,063.99","380.06M","0.60%"
"2019년 01월 10일","2,063.28","2,065.73","2,072.81","2,057.16","382.88M","-0.07%"
"2019년 01월 09일","2,064.71","2,034.19","2,068.23","2,034.19","386.25M","1.95%"
"2019년 01월 08일","2,025.27","2,038.68","2,042.70","2,023.59","397.83M","-0.58%"
"2019년 01월 07일","2,037.10","2,034.24","2,048.06","2,030.90","440.19M","1.34%"
"2019년 01월 04일","2,010.25","1,992.40","2,011.56","1,984.53","408.99M","0.83%"
"2019년 01월 03일","1,993.70","2,011.81","2,014.72","1,991.65","427.98M","-0.81%"
"2019년 01월 02일","2,010.00","2,050.55","2,053.45","2,004.27","326.37M","-1.52%"
"2018년 12월 28일","2,041.04","2,036.70","2,046.97","2,035.41","352.68M","0.62%"
"2018년 12월 27일","2,028.44","2,032.09","2,035.57","2,021.39","398.02M","0.02%"
"2018년 12월 26일","2,028.01","2,028.81","2,037.83","2,014.28","321.50M","-1.31%"
"2018년 12월 24일","2,055.01","2,050.38","2,059.94","2,046.18","285.28M","-0.31%"
"2018년 12월 21일","2,061.49","2,052.70","2,061.51","2,049.76","311.39M","0.07%"
"2018년 12월 20일","2,060.12","2,063.70","2,071.08","2,047.52","421.06M","-0.90%"
"2018년 12월 19일","2,078.84","2,068.95","2,080.65","2,063.01","418.80M","0.81%"
"2018년 12월 18일","2,062.11","2,057.39","2,074.31","2,054.26","429.53M","-0.43%"
"2018년 12월 17일","2,071.09","2,071.21","2,075.93","2,065.51","444.52M","0.08%"
"2018년 12월 14일","2,069.38","2,095.64","2,095.64","2,061.40","448.24M","-1.25%"
"2018년 12월 13일","2,095.55","2,087.43","2,104.43","2,084.37","379.82M","0.62%"
"2018년 12월 12일","2,082.57","2,062.77","2,084.77","2,061.13","457.13M","1.44%"
"2018년 12월 11일","2,052.97","2,058.16","2,060.94","2,047.17","273.93M","-0.04%"
"2018년 12월 10일","2,053.79","2,048.45","2,061.78","2,043.21","344.16M","-1.06%"
"2018년 12월 07일","2,075.76","2,081.68","2,086.84","2,065.62","371.59M","0.34%"
"2018년 12월 06일","2,068.69","2,094.62","2,094.62","2,064.00","537.41M","-1.55%"
"2018년 12월 05일","2,101.31","2,086.57","2,107.69","2,086.57","492.72M","-0.62%"
"2018년 12월 04일","2,114.35","2,125.67","2,128.94","2,105.45","507.52M","-0.82%"
"2018년 12월 03일","2,131.93","2,127.78","2,136.64","2,113.60","436.59M","1.67%"
"2018년 11월 30일","2,096.86","2,116.83","2,122.33","2,093.83","427.35M","-0.82%"
"2018년 11월 29일","2,114.10","2,133.95","2,136.74","2,108.90","307.23M","0.28%"
"2018년 11월 28일","2,108.22","2,104.13","2,108.65","2,094.32","300.08M","0.42%"
"2018년 11월 27일","2,099.42","2,091.75","2,102.29","2,079.49","239.21M","0.79%"
"2018년 11월 26일","2,083.02","2,060.17","2,083.96","2,060.17","237.71M","1.24%"
"2018년 11월 23일","2,057.48","2,073.26","2,075.91","2,047.96","227.20M","-0.60%"
"2018년 11월 22일","2,069.95","2,079.01","2,081.75","2,066.20","242.50M","-0.32%"
"2018년 11월 21일","2,076.55","2,057.07","2,077.49","2,049.76","267.90M","-0.29%"
"2018년 11월 20일","2,082.58","2,074.67","2,089.54","2,074.67","281.68M","-0.86%"
"2018년 11월 19일","2,100.56","2,096.13","2,111.39","2,089.37","273.20M","0.39%"
"2018년 11월 16일","2,092.40","2,097.94","2,103.11","2,086.54","301.60M","0.21%"
"2018년 11월 15일","2,088.06","2,061.47","2,088.61","2,058.73","351.04M","0.97%"
"2018년 11월 14일","2,068.05","2,071.41","2,075.12","2,060.86","339.05M","-0.15%"
"2018년 11월 13일","2,071.23","2,047.62","2,072.03","2,032.05","383.42M","-0.44%"
"2018년 11월 12일","2,080.44","2,065.92","2,087.24","2,065.52","295.53M","-0.27%"
"2018년 11월 09일","2,086.09","2,093.89","2,101.92","2,082.47","298.07M","-0.31%"
"2018년 11월 08일","2,092.63","2,109.97","2,120.88","2,092.36","328.03M","0.67%"
"2018년 11월 07일","2,078.69","2,090.32","2,107.63","2,072.48","485.22M","-0.52%"
"2018년 11월 06일","2,089.62","2,085.81","2,092.61","2,068.59","315.82M","0.61%"
"2018년 11월 05일","2,076.92","2,079.81","2,080.49","2,052.67","361.30M","-0.91%"
"2018년 11월 02일","2,096.00","2,046.61","2,096.63","2,044.94","371.98M","3.53%"
"2018년 11월 01일","2,024.46","2,035.11","2,054.22","2,023.43","343.81M","-0.26%"
"2018년 10월 31일","2,029.69","2,022.84","2,030.50","2,006.63","373.03M","0.74%"
"2018년 10월 30일","2,014.69","1,985.95","2,028.84","1,985.95","441.58M","0.93%"
"2018년 10월 29일","1,996.05","2,026.68","2,045.76","1,993.77","427.30M","-1.53%"
"2018년 10월 26일","2,027.15","2,066.57","2,066.57","2,008.86","449.20M","-1.75%"
"2018년 10월 25일","2,063.30","2,046.67","2,066.06","2,033.81","376.01M","-1.63%"
"2018년 10월 24일","2,097.58","2,119.19","2,121.36","2,092.10","399.73M","-0.40%"
"2018년 10월 23일","2,106.10","2,147.30","2,148.80","2,094.69","373.47M","-2.57%"
"2018년 10월 22일","2,161.71","2,143.08","2,163.21","2,136.92","308.74M","0.25%"
"2018년 10월 19일","2,156.26","2,130.06","2,158.78","2,117.62","351.77M","0.37%"
"2018년 10월 18일","2,148.31","2,158.80","2,168.01","2,146.61","321.76M","-0.89%"
"2018년 10월 17일","2,167.51","2,169.44","2,182.77","2,159.37","275.16M","1.04%"
"2018년 10월 16일","2,145.12","2,156.00","2,161.76","2,140.19","222.51M","0.00%"
"2018년 10월 15일","2,145.12","2,155.34","2,159.23","2,141.28","259.18M","-0.77%"
"2018년 10월 12일","2,161.85","2,131.66","2,173.01","2,129.13","292.57M","1.51%"
"2018년 10월 11일","2,129.67","2,176.16","2,186.69","2,129.67","411.92M","-4.44%"
"2018년 10월 10일","2,228.61","2,256.03","2,257.52","2,222.95","365.68M","-1.12%"
"2018년 10월 08일","2,253.83","2,258.73","2,273.71","2,253.83","214.64M","-0.60%"
"2018년 10월 05일","2,267.52","2,269.94","2,278.12","2,250.99","282.14M","-0.31%"
"2018년 10월 04일","2,274.49","2,311.06","2,311.06","2,270.22","309.50M","-1.52%"
"2018년 10월 02일","2,309.57","2,338.28","2,341.55","2,308.90","287.87M","-1.25%"
"2018년 10월 01일","2,338.88","2,349.64","2,352.11","2,333.32","278.31M","-0.18%"
"2018년 09월 28일","2,343.07","2,356.13","2,356.62","2,337.47","317.87M","-0.52%"
"2018년 09월 27일","2,355.43","2,331.70","2,355.43","2,331.70","279.23M","0.70%"
"2018년 09월 21일","2,339.17","2,332.04","2,339.17","2,325.12","321.70M","0.68%"
"2018년 09월 20일","2,323.45","2,314.41","2,334.04","2,311.56","289.08M","0.65%"
"2018년 09월 19일","2,308.46","2,319.22","2,319.22","2,301.79","350.95M","-0.02%"
"2018년 09월 18일","2,308.98","2,287.73","2,310.97","2,287.42","309.24M","0.26%"
"2018년 09월 17일","2,303.01","2,314.55","2,314.55","2,295.26","343.17M","-0.66%"
"2018년 09월 14일","2,318.25","2,304.70","2,318.65","2,304.15","292.24M","1.40%"
"2018년 09월 13일","2,286.23","2,285.28","2,291.51","2,281.63","301.31M","0.14%"
"2018년 09월 12일","2,282.92","2,286.28","2,289.66","2,271.00","336.83M","-0.01%"
"2018년 09월 11일","2,283.20","2,286.91","2,295.76","2,275.13","368.21M","-0.24%"
"2018년 09월 10일","2,288.66","2,277.35","2,289.38","2,276.60","312.61M","0.31%"
"2018년 09월 07일","2,281.58","2,278.08","2,286.82","2,264.90","357.56M","-0.26%"
"2018년 09월 06일","2,287.61","2,288.80","2,298.47","2,284.50","387.51M","-0.18%"
"2018년 09월 05일","2,291.77","2,310.90","2,315.43","2,288.01","358.19M","-1.03%"
"2018년 09월 04일","2,315.72","2,308.96","2,317.74","2,302.17","277.01M","0.38%"
"2018년 09월 03일","2,307.03","2,317.93","2,318.72","2,302.17","230.51M","-0.68%"
"2018년 08월 31일","2,322.88","2,298.13","2,322.88","2,295.72","255.91M","0.67%"
"2018년 08월 30일","2,307.35","2,313.11","2,320.85","2,305.46","286.93M","-0.07%"
"2018년 08월 29일","2,309.03","2,304.66","2,309.88","2,300.21","268.21M","0.26%"
"2018년 08월 28일","2,303.12","2,312.14","2,314.60","2,299.45","276.89M","0.17%"
"2018년 08월 27일","2,299.30","2,297.32","2,302.87","2,289.41","307.04M","0.27%"
"2018년 08월 24일","2,293.21","2,276.16","2,295.22","2,271.35","347.29M","0.46%"
"2018년 08월 23일","2,282.60","2,282.57","2,282.88","2,268.06","338.39M","0.41%"
"2018년 08월 22일","2,273.33","2,273.68","2,280.31","2,268.91","269.27M","0.14%"
"2018년 08월 21일","2,270.06","2,248.04","2,272.86","2,244.59","294.34M","0.99%"
"2018년 08월 20일","2,247.88","2,257.35","2,264.42","2,245.06","271.60M","0.04%"
"2018년 08월 17일","2,247.05","2,244.61","2,250.92","2,240.14","238.38M","0.28%"
"2018년 08월 16일","2,240.80","2,233.05","2,244.08","2,218.09","312.52M","-0.80%"
"2018년 08월 14일","2,258.91","2,249.86","2,262.52","2,247.37","255.22M","0.47%"
"2018년 08월 13일","2,248.45","2,266.43","2,271.82","2,238.55","335.38M","-1.50%"
"2018년 08월 10일","2,282.79","2,295.21","2,295.62","2,277.89","286.16M","-0.91%"
"2018년 08월 09일","2,303.71","2,303.04","2,303.71","2,291.91","244.88M","0.10%"
"2018년 08월 08일","2,301.45","2,305.73","2,308.60","2,298.41","299.69M","0.06%"
"2018년 08월 07일","2,300.16","2,290.85","2,301.27","2,279.55","230.34M","0.60%"
"2018년 08월 06일","2,286.50","2,288.51","2,300.38","2,283.26","244.55M","-0.05%"
"2018년 08월 03일","2,287.68","2,278.33","2,288.93","2,272.94","270.49M","0.77%"
"2018년 08월 02일","2,270.20","2,304.14","2,306.72","2,265.46","352.06M","-1.60%"
"2018년 08월 01일","2,307.07","2,301.17","2,312.65","2,301.13","219.03M","0.51%"