날짜,비트코인,가상화폐,암호화폐,블록체인
2018-08-01,0.60924,0.38049,0.0756,0.07793
2018-08-02,0.43487,0.3001,0.06153,0.08812
2018-08-03,0.49276,0.37434,0.07426,0.08163
2018-08-04,0.38568,0.2013,0.04867,0.05194
2018-08-05,0.42613,0.2514,0.05534,0.05513
2018-08-06,0.43799,0.25682,0.06592,0.09425
2018-08-07,0.45325,0.28597,0.06341,0.10292
2018-08-08,5.54369,0.75796,0.12245,0.11727
2018-08-09,3.8428,0.49246,0.0941,0.12545
2018-08-10,0.76324,0.25361,0.06268,0.11199
2018-08-11,0.568,0.41555,0.08912,0.05285
2018-08-12,0.39387,0.23165,0.05191,0.05328
2018-08-13,0.5256,0.26601,0.06841,0.09774
2018-08-14,1.73633,1.54231,0.128,0.09455
2018-08-15,0.4601,0.24715,0.05173,0.0551
2018-08-16,0.4053,0.21179,0.05604,0.07857
2018-08-17,0.3908,0.19799,0.05431,0.08503
2018-08-18,0.30334,0.19256,0.04615,0.05131
2018-08-19,0.28518,0.16075,0.03654,0.05401
2018-08-20,0.37124,0.1993,0.05128,0.10344
2018-08-21,0.39311,0.22777,0.06019,0.10325
2018-08-22,0.49073,0.24576,0.06307,0.10668
2018-08-23,0.44767,0.22847,0.0537,0.09261
2018-08-24,1.09076,0.18656,0.04764,0.07818
2018-08-25,0.27484,0.12994,0.03545,0.05649
2018-08-26,0.27162,0.12994,0.03602,0.05558
2018-08-27,0.34495,0.1596,0.04576,0.09173
2018-08-28,0.39014,0.18738,0.05379,0.09458
2018-08-29,0.39323,0.20142,0.05352,0.08982
2018-08-30,0.33673,0.17446,0.05473,0.10259
2018-08-31,0.31238,0.14328,0.0463,0.09146
2018-09-01,0.23123,0.11153,0.03593,0.05058
2018-09-02,0.28976,0.13889,0.04006,0.05122
2018-09-03,0.35332,0.16048,0.05191,0.10031
2018-09-04,0.3542,0.17783,0.05109,0.11196
2018-09-05,0.56118,0.3465,0.07808,0.1051
2018-09-06,40.7014,0.72924,0.1129,0.20785
2018-09-07,0.62698,0.22092,0.06295,0.09507
2018-09-08,0.33185,0.13125,0.03863,0.0672
2018-09-09,0.46529,0.23211,0.06095,0.06429
2018-09-10,0.43836,0.19417,0.06071,0.1088
2018-09-11,0.38668,0.19229,0.05928,0.10938
2018-09-12,0.49285,0.31684,0.07821,0.11102
2018-09-13,0.37206,0.1774,0.06338,0.10886
2018-09-14,0.37543,0.17495,0.05998,0.10432
2018-09-15,0.27951,0.11851,0.04215,0.05989
2018-09-16,0.25534,0.11335,0.04109,0.75541
2018-09-17,0.33849,0.14744,0.05467,0.12312
2018-09-18,0.41046,0.21228,0.06413,0.11793
2018-09-19,0.31111,0.13877,0.04406,0.10353
2018-09-20,0.31381,0.13601,0.04861,0.10856
2018-09-21,0.54644,0.25337,0.06465,0.07896
2018-09-22,0.32597,0.16573,0.05225,0.04148
2018-09-23,0.23575,0.11308,0.03757,0.03487
2018-09-24,0.27247,0.11836,0.03587,0.0366
2018-09-25,0.30962,0.13971,0.04018,0.04166
2018-09-26,0.29937,0.11626,0.0379,0.05501
2018-09-27,0.38604,0.16306,0.05455,0.10659
2018-09-28,0.35963,0.15751,0.05419,0.08824
2018-09-29,0.25306,0.11053,0.03617,0.05206
2018-09-30,0.22893,0.11029,0.03481,0.05316
2018-10-01,0.30977,0.14559,0.04967,0.09555
2018-10-02,0.29055,0.12742,0.0477,0.09725
2018-10-03,0.23808,0.11678,0.04051,0.07269
2018-10-04,0.30644,0.13955,0.05816,0.1243
2018-10-05,0.29303,0.13491,0.04958,0.10817
2018-10-06,0.21507,0.0947,0.03909,0.06007
2018-10-07,0.19918,0.09892,0.03954,0.05777
2018-10-08,0.27854,0.12918,0.05243,0.10259
2018-10-09,0.2335,0.10471,0.04369,0.0836
2018-10-10,0.3374,0.14165,0.06074,0.13388
2018-10-11,1.99896,0.3196,0.10844,0.14289
2018-10-12,0.49749,0.18143,0.06204,0.10644
2018-10-13,0.24627,0.0991,0.0383,0.06517
2018-10-14,0.24651,0.09637,0.03954,0.06526
2018-10-15,2.51268,0.24509,0.07423,0.12721
2018-10-16,0.37931,0.1485,0.05737,0.11723
2018-10-17,0.31156,0.11733,0.05219,0.11341
2018-10-18,0.27511,0.11617,0.04615,0.11284
2018-10-19,0.27178,0.11451,0.0507,0.10647
2018-10-20,0.18359,0.08409,0.03378,0.06571
2018-10-21,0.18422,0.08451,0.03393,0.06641
2018-10-22,0.27566,0.11557,0.04439,0.12627
2018-10-23,0.29258,0.11796,0.04606,0.12027
2018-10-24,0.29655,0.10984,0.04415,0.11529
2018-10-25,0.33052,0.12112,0.04482,0.11105
2018-10-26,0.28867,0.10738,0.03884,0.10153
2018-10-27,0.19505,0.07354,0.03129,0.06204
2018-10-28,0.19969,0.08009,0.03354,0.06617
2018-10-29,0.42016,0.15608,0.0598,0.1132
2018-10-30,0.3986,0.16251,0.05883,0.13258
2018-10-31,0.30034,0.11393,0.04797,0.1146
2018-11-01,0.31535,0.11836,0.05216,0.10771
2018-11-02,0.26744,0.10432,0.04797,0.09549
2018-11-03,0.20809,0.08494,0.03357,0.06128
2018-11-04,0.19957,0.08063,0.03811,0.05974
2018-11-05,0.3804,0.14695,0.05771,0.10959
2018-11-06,0.34586,0.1529,0.05106,0.1055
2018-11-07,0.34052,0.14153,0.05646,0.0998
2018-11-08,0.33561,0.13146,0.04985,0.10374
2018-11-09,0.26259,0.10189,0.0416,0.09774
2018-11-10,0.20682,0.0793,0.04436,0.06456
2018-11-11,0.20378,0.07435,0.02783,0.06156
2018-11-12,0.35329,0.10444,0.04027,0.10859
2018-11-13,0.32166,0.10189,0.03705,0.10962
2018-11-14,0.31587,0.12943,0.04503,0.10486
2018-11-15,28.46754,1.06225,0.13507,0.10826
2018-11-16,0.65919,0.16154,0.04843,0.09161
2018-11-17,0.38674,0.12124,0.03435,0.05928
2018-11-18,0.32654,0.09173,0.03372,0.06638
2018-11-19,1.13185,0.36591,0.10896,0.10559
2018-11-20,5.56546,0.54186,0.14883,0.12218
2018-11-21,1.26656,0.27884,0.08658,0.11202
2018-11-22,0.71784,0.18186,0.06268,0.11317
2018-11-23,0.90841,0.23921,0.07496,0.09513
2018-11-24,0.49158,0.12749,0.04197,0.06614
2018-11-25,1.25376,0.32994,0.08379,0.06498
2018-11-26,0.93267,0.20527,0.05801,0.10344
2018-11-27,0.83471,0.21215,0.06635,0.10022
2018-11-28,0.67214,0.21018,0.06174,0.12187
2018-11-29,0.5838,0.17273,0.05834,0.11569
2018-11-30,0.47632,0.14356,0.04612,0.09746
2018-12-01,0.34641,0.09986,0.02765,0.06271
2018-12-02,0.34177,0.09965,0.03387,0.0678
2018-12-03,0.43229,0.13073,0.04806,0.09607
2018-12-04,0.52594,0.17379,0.06462,0.09968
2018-12-05,0.44112,0.13115,0.04836,0.09258
2018-12-06,0.52812,0.19508,0.06292,0.1051
2018-12-07,1.83022,0.36206,0.09034,0.09115
2018-12-08,0.54886,0.14947,0.04227,0.06902
2018-12-09,0.56909,0.20645,0.03736,0.07141
2018-12-10,0.6016,0.18228,0.05889,0.09446
2018-12-11,0.52612,0.14977,0.04967,0.08833
2018-12-12,0.44151,0.12676,0.04536,0.0931
2018-12-13,0.40703,0.1156,0.04233,0.09143
2018-12-14,0.41652,0.12676,0.04397,0.07602
2018-12-15,0.40657,0.11808,0.03924,0.04785
2018-12-16,0.36039,0.10941,0.04339,0.05579
2018-12-17,0.41461,0.13279,0.05582,0.07748
2018-12-18,5.47333,0.2776,0.07999,0.08121
2018-12-19,0.70228,0.25858,0.07153,0.07669
2018-12-20,0.65027,0.20284,0.06001,0.08278
2018-12-21,0.91338,0.27884,0.06131,0.06601
2018-12-22,0.38077,0.13024,0.03739,0.03496
2018-12-23,0.34243,0.12424,0.04363,0.043
2018-12-24,0.49734,0.19253,0.06207,0.05422
2018-12-25,0.42798,0.18635,0.05052,0.03969
2018-12-26,0.40827,0.14877,0.04864,0.06768
2018-12-27,0.32321,0.11642,0.04042,0.06128
2018-12-28,0.36281,0.12175,0.04354,0.07205
2018-12-29,0.29722,0.09443,0.03493,0.04106
2018-12-30,0.52858,0.11354,0.06432,0.0608
2018-12-31,0.46307,0.1293,0.0504,0.06201
2019-01-01,0.27548,0.08379,0.03029,0.03748
2019-01-02,0.39214,0.11005,0.04467,0.07293
2019-01-03,0.37549,0.10289,0.04157,0.06938
2019-01-04,0.31068,0.09076,0.03793,0.07023
2019-01-05,0.2457,0.07263,0.02592,0.042
2019-01-06,0.25346,0.07244,0.02565,0.03775
2019-01-07,0.36897,0.10086,0.03884,0.07557
2019-01-08,0.29737,0.08921,0.03623,0.07384
2019-01-09,0.27887,0.08215,0.03247,0.07032
2019-01-10,1.71368,0.22847,0.08272,0.08612
2019-01-11,2.86303,0.18868,0.06128,0.06435
2019-01-12,0.23772,0.07566,0.02538,0.0537
2019-01-13,0.22483,0.07162,0.02729,0.04424
2019-01-14,0.3623,0.12139,0.04521,0.07308
2019-01-15,0.28585,0.09182,0.03572,0.06868
2019-01-16,0.26189,0.08488,0.02981,0.06774
2019-01-17,0.32397,0.11675,0.02987,0.0796
2019-01-18,0.29943,0.1226,0.02468,0.0715
2019-01-19,0.2298,0.0944,0.01862,0.03642
2019-01-20,0.24488,0.09589,0.02507,0.03529
2019-01-21,0.28039,0.09652,0.02789,0.06241
2019-01-22,0.27554,0.08567,0.0299,0.06741
2019-01-23,0.22101,0.07014,0.02847,0.06335
2019-01-24,0.27202,0.07481,0.0288,0.06792
2019-01-25,0.24936,0.07766,0.02896,0.0628
2019-01-26,0.20657,0.06165,0.02019,0.0372
2019-01-27,0.19044,0.06456,0.02253,0.03187
2019-01-28,0.34513,0.13507,0.0426,0.06786
2019-01-29,0.35211,0.11478,0.04767,0.05889
2019-01-30,0.24357,0.07626,0.03369,0.06401
2019-01-31,0.24103,0.0749,0.03056,0.05303
2019-02-01,0.25273,0.07987,0.0453,0.05024
2019-02-02,0.15733,0.05188,0.02416,0.02865
2019-02-03,0.16518,0.05073,0.01937,0.02786
2019-02-04,0.20309,0.06204,0.01886,0.03426
2019-02-05,0.18034,0.05097,0.01528,0.0292
2019-02-06,0.20315,0.07636,0.02277,0.03181
2019-02-07,0.32388,0.11402,0.02959,0.10601
2019-02-08,0.27399,0.10523,0.02953,0.07545
2019-02-09,0.30022,0.11114,0.03666,0.03257
2019-02-10,0.19554,0.07014,0.02235,0.03711
2019-02-11,0.24897,0.07945,0.03068,0.07065
2019-02-12,0.23717,0.07266,0.02847,0.06392
2019-02-13,0.21861,0.07138,0.02759,0.06007
2019-02-14,0.22262,0.07951,0.02774,0.06089
2019-02-15,0.21722,0.0914,0.02914,0.05783
2019-02-16,0.16318,0.06316,0.0194,0.03284
2019-02-17,0.1734,0.06559,0.02131,0.03548
2019-02-18,0.31751,0.11205,0.04758,0.06092
2019-02-19,0.45971,0.15924,0.05146,0.06262
2019-02-20,0.30513,0.09764,0.03887,0.05934
2019-02-21,0.31002,0.10747,0.04664,0.08403
2019-02-22,0.24724,0.08324,0.04069,0.05595
2019-02-23,0.17643,0.05995,0.02504,0.03059
2019-02-24,0.36394,0.13646,0.05119,0.04051
2019-02-25,0.36818,0.15187,0.06059,0.06862
2019-02-26,0.2245,0.07529,0.03684,0.06292
2019-02-27,0.21049,0.06705,0.03363,0.06347
2019-02-28,0.20351,0.05868,0.03023,0.04718
2019-03-01,0.14198,0.04545,0.0194,0.02917
2019-03-02,0.14159,0.04385,0.02013,0.0258
2019-03-03,0.14577,0.04709,0.02095,0.0605
2019-03-04,0.23451,0.08661,0.03426,0.06498
2019-03-05,0.21206,0.06623,0.03068,0.06668
2019-03-06,0.21288,0.07441,0.0352,0.06235
2019-03-07,0.20457,0.08278,0.03193,0.06395
2019-03-08,0.211,0.06993,0.03344,0.0662
2019-03-09,0.17598,0.05928,0.02344,0.03742
2019-03-10,0.16269,0.05786,0.02383,0.04439
2019-03-11,0.20069,0.07323,0.03199,0.0705
2019-03-12,0.23341,0.0769,0.04006,0.07993
2019-03-13,0.21006,0.07138,0.03438,0.07366
2019-03-14,0.19702,0.06714,0.0356,0.08163
2019-03-15,0.18474,0.06053,0.02683,0.06838
2019-03-16,0.16955,0.0564,0.02526,0.03808
2019-03-17,0.16466,0.08184,0.02614,0.05458
2019-03-18,0.23493,0.06729,0.05228,0.09167
2019-03-19,0.23071,0.0534,0.04806,0.08212
2019-03-20,0.25816,0.05003,0.03545,0.07162
2019-03-21,0.23253,0.03951,0.03569,0.07645
2019-03-22,0.19435,0.06329,0.0329,0.06241
2019-03-23,0.14222,0.04357,0.01928,0.03881
2019-03-24,0.15587,0.04746,0.02271,0.0423
2019-03-25,0.21958,0.06426,0.03196,0.06896
2019-03-26,0.20636,0.06474,0.03217,0.0668
2019-03-27,0.19651,0.0611,0.03035,0.06489
2019-03-28,0.2104,0.06823,0.043,0.07068
2019-03-29,0.19954,0.06668,0.0383,0.0759
2019-03-30,0.24081,0.07499,0.03887,0.04379
2019-03-31,0.19502,0.0779,0.03351,0.0416
2019-04-01,0.25046,0.09488,0.04078,0.07256
2019-04-02,100.0,0.57091,0.08758,0.0954
2019-04-03,31.61324,0.27584,0.08645,0.08958
2019-04-04,2.09494,0.16697,0.06386,0.07408
2019-04-05,0.62956,0.10453,0.04415,0.05734
2019-04-06,0.40239,0.07711,0.03654,0.03778
2019-04-07,0.48566,0.09128,0.03802,0.05018
2019-04-08,0.89236,0.14456,0.05519,0.07548
2019-04-09,0.57461,0.1089,0.04421,0.07102
2019-04-10,0.47975,0.09534,0.04197,0.06786
2019-04-11,0.69694,0.18786,0.06702,0.07062
2019-04-12,0.45964,0.11247,0.0477,0.05458
2019-04-13,0.24812,0.0628,0.02453,0.03278
2019-04-14,0.23802,0.06462,0.02535,0.04606
2019-04-15,0.33761,0.0806,0.03969,0.07096
2019-04-16,0.3788,0.09822,0.04109,0.1015
2019-04-17,0.33152,0.07757,0.03678,0.10859
2019-04-18,0.30635,0.08415,0.03872,0.10134
2019-04-19,0.26689,0.06829,0.03272,0.06656
2019-04-20,0.21164,0.05728,0.02468,0.041
2019-04-21,0.22422,0.06641,0.02717,0.0413
2019-04-22,0.27032,0.07208,0.03511,0.07535
2019-04-23,0.46465,0.0816,0.03896,0.0776
2019-04-24,0.56785,0.12827,0.04746,0.07523
2019-04-25,0.34395,0.08964,0.03702,0.06786
2019-04-26,0.37455,0.10301,0.04336,0.05646
2019-04-27,0.22156,0.05677,0.0231,0.03296
2019-04-28,0.18541,0.04888,0.02244,0.04084
2019-04-29,0.30219,0.08121,0.03869,0.06826
2019-04-30,0.26856,0.07432,0.03736,0.06465
2019-05-01,0.21303,0.05513,0.02423,0.05009
2019-05-02,0.25288,0.0678,0.02747,0.06225
2019-05-03,0.39823,0.07936,0.03244,0.06074
2019-05-04,0.29883,0.06001,0.02617,0.03093
2019-05-05,0.25725,0.05361,0.02362,0.03102
2019-05-06,0.25931,0.05804,0.02144,0.0369
2019-05-07,0.43535,0.09325,0.03611,0.06674
2019-05-08,0.44767,0.08024,0.03584,0.07078
2019-05-09,0.57749,0.08946,0.03438,0.06586
2019-05-10,0.60961,0.08524,0.03126,0.05258
2019-05-11,2.13527,0.09974,0.03275,0.03599
2019-05-12,7.89667,0.15487,0.04636,0.04266
2019-05-13,1.83511,0.1512,0.05343,0.07745
2019-05-14,27.19249,0.33276,0.08133,0.0941
2019-05-15,2.57618,0.23993,0.06332,0.07775
2019-05-16,2.25591,0.26808,0.07423,0.07102
2019-05-17,2.01072,0.2446,0.0641,0.06192
2019-05-18,0.77528,0.10398,0.03153,0.04024
2019-05-19,0.74965,0.10022,0.03232,0.04266
2019-05-20,1.01828,0.1361,0.04309,0.07065
2019-05-21,0.79887,0.11633,0.0383,0.0833
2019-05-22,0.65737,0.10356,0.03666,0.07617
2019-05-23,0.69237,0.12488,0.04203,0.07129
2019-05-24,0.52879,0.09137,0.0326,0.06222
2019-05-25,0.36121,0.06541,0.02329,0.03863
2019-05-26,0.33282,0.06553,0.0241,0.04106
2019-05-27,11.08401,0.18201,0.05501,0.08097
2019-05-28,2.44742,0.18835,0.05452,0.07614
2019-05-29,0.93239,0.14156,0.04445,0.08494
2019-05-30,0.77576,0.12618,0.04615,0.07135
2019-05-31,0.79881,0.13716,0.04542,0.05965
2019-06-01,0.44721,0.07681,0.02517,0.03696
2019-06-02,0.42683,0.08057,0.02723,0.04057
2019-06-03,0.57218,0.10374,0.03763,0.06947
2019-06-04,0.8957,0.17128,0.05473,0.06856
2019-06-05,0.69024,0.12564,0.04051,0.0581
2019-06-06,0.41628,0.07787,0.02723,0.03545
2019-06-07,0.48024,0.08733,0.03326,0.05203
2019-06-08,0.31529,0.06189,0.02416,0.03505
2019-06-09,0.28718,0.06122,0.02483,0.03993
2019-06-10,0.47899,0.092,0.0389,0.0736
2019-06-11,0.3882,0.08033,0.03363,0.08072
2019-06-12,0.34865,0.0662,0.02941,0.07448
2019-06-13,0.36196,0.07563,0.02914,0.05949
2019-06-14,0.42077,0.08042,0.03059,0.05391
2019-06-15,0.34386,0.06732,0.02404,0.04112
2019-06-16,0.58689,0.09103,0.0356,0.04003
2019-06-17,0.61694,0.09464,0.04139,0.06277
2019-06-18,0.53206,0.08994,0.04115,0.06792
2019-06-19,0.4746,0.10689,0.04585,0.06859
2019-06-20,0.40946,0.09922,0.04269,0.05898
2019-06-21,0.53091,0.09231,0.04312,0.04958
2019-06-22,1.10392,0.11241,0.04994,0.03053
2019-06-23,0.67647,0.10444,0.03657,0.02978
2019-06-24,0.91872,0.12227,0.04536,0.0514
2019-06-25,1.27653,0.14871,0.05255,0.05182
2019-06-26,4.20871,0.22168,0.06517,0.05907
2019-06-27,14.1684,0.28876,0.08418,0.06847
2019-06-28,2.42861,0.19957,0.06174,0.04418
2019-06-29,0.74989,0.10238,0.0369,0.03454
2019-06-30,0.6339,0.08609,0.03472,0.02723
2019-07-01,1.05067,0.14914,0.04827,0.04597
2019-07-02,1.23665,0.16124,0.05361,0.04306
2019-07-03,0.83781,0.09698,0.03863,0.04651
2019-07-04,0.72051,0.08764,0.03532,0.04712
2019-07-05,0.59299,0.08639,0.0342,0.04397
2019-07-06,0.36718,0.05504,0.0201,0.02289
2019-07-07,0.38004,0.06568,0.02001,0.03727
2019-07-08,0.57049,0.07711,0.03041,0.04924
2019-07-09,0.79205,0.09279,0.03678,0.05962
2019-07-10,0.67538,0.08806,0.03857,0.0625
2019-07-11,1.00308,0.27548,0.08054,0.05294
2019-07-12,1.27414,0.14077,0.04597,0.0433
2019-07-13,0.39541,0.07235,0.02802,0.02647
2019-07-14,0.49039,0.11293,0.03584,0.03912
2019-07-15,0.95083,0.22419,0.07102,0.06053
2019-07-16,0.61246,0.11639,0.04145,0.05598
2019-07-17,5.29671,0.23117,0.06887,0.05091
2019-07-18,0.61579,0.10987,0.04042,0.05488
2019-07-19,0.528,0.09261,0.03724,0.03836
2019-07-20,0.29983,0.05907,0.02283,0.02462
2019-07-21,0.3445,0.08567,0.02171,0.02562
2019-07-22,0.39256,0.07999,0.02729,0.04366
2019-07-23,0.43208,0.09185,0.03044,0.05076
2019-07-24,0.47041,0.09328,0.0326,0.0863
2019-07-25,0.38665,0.07814,0.0288,0.07387
2019-07-26,0.33225,0.06195,0.02571,0.04463
2019-07-27,0.30398,0.0648,0.02374,0.02498
2019-07-28,0.27775,0.05786,0.02874,0.02456
2019-07-29,0.36357,0.06859,0.0315,0.04779
2019-07-30,0.35369,0.06392,0.03029,0.04752
2019-07-31,0.32336,0.06019,0.0295,0.04833
2019-08-01,0.32706,0.05534,0.02729,0.04394
2019-08-02,0.40588,0.05234,0.02726,0.03951
2019-08-03,0.26644,0.04157,0.01862,0.02268
2019-08-04,0.23799,0.03972,0.0184,0.0231
2019-08-05,0.86613,0.08385,0.05346,0.04418
2019-08-06,3.69727,0.09998,0.05143,0.049
2019-08-07,0.63729,0.07044,0.03696,0.04779
2019-08-08,0.51226,0.06244,0.03129,0.05176
2019-08-09,0.43341,0.06389,0.0312,0.04057
2019-08-10,0.31487,0.05288,0.02368,0.02568
2019-08-11,0.28697,0.04294,0.01952,0.0265
2019-08-12,0.35681,0.05428,0.0299,0.05085
2019-08-13,0.40418,0.06122,0.03044,0.05194
2019-08-14,0.46368,0.06259,0.02971,0.04651
2019-08-15,0.60481,0.12812,0.04712,0.03184
2019-08-16,0.38626,0.06805,0.02699,0.03999
2019-08-17,0.25491,0.04551,0.01892,0.02768
2019-08-18,0.25731,0.04488,0.01834,0.02783
2019-08-19,0.6897,0.06941,0.03041,0.04758
2019-08-20,0.44248,0.08312,0.02847,0.05376
2019-08-21,0.42689,0.07657,0.02996,0.04897
2019-08-22,0.3613,0.06198,0.02805,0.04591
2019-08-23,0.28791,0.04661,0.02492,0.04451
2019-08-24,0.22513,0.03593,0.01501,0.02535
2019-08-25,0.21125,0.03557,0.01576,0.02574
2019-08-26,0.33076,0.05282,0.02653,0.0436
2019-08-27,0.31029,0.04973,0.02347,0.04045
2019-08-28,0.27708,0.04439,0.02162,0.04379
2019-08-29,1.61809,0.09188,0.03593,0.04454
2019-08-30,0.31493,0.05034,0.02113,0.03993
2019-08-31,0.20588,0.03742,0.01467,0.02429
2019-09-01,0.1922,0.03263,0.01376,0.02483
2019-09-02,0.25852,0.04376,0.01971,0.04436
2019-09-03,0.3606,0.0544,0.0235,0.04594
2019-09-04,0.30707,0.04958,0.02068,0.04721
2019-09-05,0.25877,0.04409,0.01974,0.05531
2019-09-06,0.24351,0.04821,0.02028,0.04682
2019-09-07,0.21215,0.03808,0.0151,0.02344
2019-09-08,0.18911,0.03784,0.01416,0.03238
2019-09-09,0.26686,0.04457,0.02019,0.05273
2019-09-10,0.26756,0.04127,0.01795,0.05373
2019-09-11,0.31987,0.03808,0.01525,0.042
2019-09-12,0.24785,0.0278,0.01128,0.01922
2019-09-13,0.22162,0.0282,0.01176,0.02107
2019-09-14,0.19475,0.02793,0.01009,0.02495
2019-09-15,0.2107,0.03381,0.01164,0.03581
2019-09-16,0.32867,0.05115,0.01989,0.06216
2019-09-17,0.31687,0.04724,0.02034,0.06222
2019-09-18,0.33143,0.06559,0.02841,0.06222
2019-09-19,0.35174,0.05652,0.02705,0.05952
2019-09-20,0.26377,0.04573,0.02062,0.05225
2019-09-21,0.19557,0.03026,0.01316,0.02896
2019-09-22,0.19681,0.03187,0.01586,0.03075
2019-09-23,0.37576,0.08588,0.02644,0.05416
2019-09-24,0.37855,0.07648,0.02802,0.05361
2019-09-25,42.42809,0.35008,0.08115,0.06071
2019-09-26,0.97437,0.09158,0.03096,0.05507
2019-09-27,0.61237,0.09131,0.02996,0.05913
2019-09-28,0.2813,0.04494,0.01549,0.03153
2019-09-29,0.25795,0.04439,0.01664,0.03229
2019-09-30,0.41861,0.0722,0.02883,0.0614
2019-10-01,0.37867,0.06377,0.02668,0.06383
2019-10-02,0.28642,0.0477,0.02125,0.05683
2019-10-03,0.1993,0.03542,0.0137,0.03487
2019-10-04,0.26447,0.04733,0.01986,0.04418
2019-10-05,0.18529,0.03927,0.01401,0.0289
2019-10-06,0.19772,0.03796,0.01404,0.03062
2019-10-07,0.32479,0.05804,0.02438,0.05901
2019-10-08,0.27332,0.05076,0.02535,0.0557
2019-10-09,0.18893,0.03642,0.01485,0.03702
2019-10-10,0.33949,0.05213,0.02762,0.0604
2019-10-11,0.28275,0.05034,0.02565,0.05067
2019-10-12,0.17792,0.03387,0.01643,0.03881
2019-10-13,0.16594,0.03354,0.01394,0.03381
2019-10-14,0.24048,0.04639,0.02165,0.05865
2019-10-15,0.23235,0.0457,0.02271,0.06371
2019-10-16,0.27023,0.05573,0.02441,0.0668
2019-10-17,0.28457,0.04943,0.02435,0.06086
2019-10-18,0.27347,0.045,0.02174,0.0615
2019-10-19,0.17504,0.02917,0.0131,0.03902
2019-10-20,0.17319,0.03187,0.01534,0.04103
2019-10-21,0.25783,0.04254,0.0218,0.05764
2019-10-22,0.23444,0.04357,0.01934,0.05734
2019-10-23,0.45319,0.07745,0.02914,0.05798
2019-10-24,0.76703,0.09316,0.03933,0.05555
2019-10-25,0.39775,0.05916,0.02435,0.04943
2019-10-26,13.28774,0.13343,0.04524,0.0803
2019-10-27,0.85115,0.06498,0.02268,0.06292
2019-10-28,0.80224,0.09719,0.03909,0.09634
2019-10-29,0.51187,0.07387,0.03469,0.09504
2019-10-30,0.38753,0.08615,0.03087,0.07993
2019-10-31,0.31587,0.06556,0.02623,0.07193
2019-11-01,0.29998,0.05261,0.02286,0.05934
2019-11-02,0.20852,0.03787,0.0157,0.03854
2019-11-03,0.211,0.04151,0.01877,0.04282
2019-11-04,0.29655,0.05288,0.02195,0.06683
2019-11-05,0.29458,0.05343,0.02235,0.06383
2019-11-06,0.26468,0.048,0.02483,0.06705
2019-11-07,0.27093,0.0494,0.02141,0.06796
2019-11-08,0.26089,0.04761,0.0205,0.05015
2019-11-09,0.20412,0.03893,0.01449,0.03023
2019-11-10,0.17049,0.03548,0.01376,0.04658
2019-11-11,0.2692,0.05419,0.02447,0.06407
2019-11-12,0.2463,0.04709,0.02222,0.06295
2019-11-13,0.21904,0.04166,0.01974,0.06156
2019-11-14,0.22262,0.04303,0.02037,0.06019
2019-11-15,0.23441,0.03939,0.01949,0.05088
2019-11-16,0.16676,0.02899,0.01592,0.03799
2019-11-17,0.15514,0.0295,0.01479,0.03711
2019-11-18,0.22604,0.04018,0.01992,0.0631
2019-11-19,0.37431,0.07481,0.03745,0.06847
2019-11-20,0.23293,0.04297,0.02244,0.06171
2019-11-21,0.28733,0.06571,0.04318,0.06796
2019-11-22,0.60894,0.12251,0.0571,0.06514
2019-11-23,0.30644,0.05716,0.02492,0.03769
2019-11-24,0.23918,0.04661,0.02183,0.03463
2019-11-25,0.80378,0.14037,0.05619,0.06062
2019-11-26,0.48306,0.07226,0.03196,0.0625
2019-11-27,0.46143,0.08163,0.03563,0.05743
2019-11-28,0.493,0.10159,0.03921,0.05974
2019-11-29,0.26189,0.05777,0.02568,0.05043
2019-11-30,0.18259,0.03878,0.02432,0.03214
2019-12-01,0.18586,0.04048,0.01995,0.03284
2019-12-02,0.22841,0.04488,0.02219,0.05507
2019-12-03,0.22234,0.03808,0.02259,0.04946
2019-12-04,0.25219,0.04448,0.02268,0.06944
2019-12-05,0.23111,0.04084,0.01946,0.06662
2019-12-06,0.2033,0.03323,0.01719,0.03954
2019-12-07,0.14862,0.02507,0.01134,0.02777
2019-12-08,0.22283,0.03884,0.01449,0.02956
2019-12-09,0.2604,0.04366,0.02228,0.04767
2019-12-10,0.20042,0.03987,0.01986,0.04515
2019-12-11,0.20151,0.03584,0.01673,0.04712
2019-12-12,0.20521,0.05889,0.01686,0.04467
2019-12-13,0.19924,0.03357,0.01534,0.0396
2019-12-14,0.16054,0.02583,0.00988,0.02805
2019-12-15,0.17989,0.02905,0.01273,0.02598
2019-12-16,0.23538,0.04006,0.01804,0.04749
2019-12-17,0.39657,0.07824,0.02978,0.04897
2019-12-18,4.71967,0.0793,0.02941,0.04682
2019-12-19,0.33027,0.045,0.01862,0.04858
2019-12-20,0.21058,0.03584,0.01628,0.03724
2019-12-21,0.14483,0.02222,0.01152,0.01852
2019-12-22,0.15205,0.02556,0.0117,0.0252
2019-12-23,0.25106,0.03445,0.01743,0.03708
2019-12-24,0.19969,0.02974,0.01516,0.02978
2019-12-25,0.14729,0.02541,0.00997,0.04051
2019-12-26,0.18765,0.03272,0.01573,0.04718
2019-12-27,0.18805,0.02959,0.01598,0.03266
2019-12-28,0.15784,0.02283,0.0117,0.02077
2019-12-29,0.21319,0.04964,0.01598,0.02401
2019-12-30,0.22799,0.0473,0.02156,0.03214
2019-12-31,0.17482,0.02962,0.01546,0.02583
2020-01-01,0.15611,0.02662,0.0147,0.01956
2020-01-02,0.22322,0.03766,0.01877,0.03554
2020-01-03,0.31469,0.04651,0.02286,0.03338
2020-01-04,0.25513,0.03763,0.01831,0.02022
2020-01-05,0.22289,0.0302,0.01413,0.02113
2020-01-06,0.57276,0.05607,0.02626,0.03754
2020-01-07,0.54689,0.05273,0.02441,0.03909
2020-01-08,4.95212,0.06404,0.02444,0.03717
2020-01-09,0.52017,0.04561,0.02007,0.03608
2020-01-10,0.35099,0.0497,0.02984,0.02753
2020-01-11,0.23921,0.03742,0.01598,0.01552
2020-01-12,0.24181,0.04982,0.01631,0.04297
2020-01-13,0.30547,0.04688,0.02313,0.03111
2020-01-14,0.48187,0.06962,0.02799,0.03035
2020-01-15,5.95591,0.1203,0.04573,0.03075
2020-01-16,0.47705,0.1075,0.03584,0.02971
2020-01-17,0.62252,0.09622,0.03326,0.03111
2020-01-18,0.32706,0.06277,0.02195,0.0198
2020-01-19,0.4853,0.08445,0.02601,0.01868
2020-01-20,0.37346,0.12042,0.03214,0.03284
2020-01-21,0.29376,0.06098,0.02492,0.02844
2020-01-22,0.27538,0.05695,0.02122,0.02923
2020-01-23,0.24445,0.04727,0.01598,0.01943
2020-01-24,0.17607,0.0336,0.01194,0.013
2020-01-25,0.18171,0.03075,0.01334,0.01179
2020-01-26,0.16764,0.03217,0.01425,0.012
2020-01-27,0.28888,0.05225,0.01789,0.01401
2020-01-28,0.47699,0.07187,0.02253,0.02559
2020-01-29,0.41419,0.06171,0.02153,0.02332
2020-01-30,0.34325,0.05613,0.01934,0.03038
2020-01-31,0.35281,0.05346,0.02077,0.02268
2020-02-01,0.23684,0.04133,0.01952,0.01449
2020-02-02,0.23275,0.04491,0.02059,0.01813
2020-02-03,0.33455,0.0574,0.02532,0.03056
2020-02-04,0.30438,0.05498,0.02316,0.0302
2020-02-05,0.32727,0.05998,0.02329,0.02653
2020-02-06,0.47344,0.07569,0.03162,0.02838
2020-02-07,0.42292,0.06805,0.02756,0.0275
2020-02-08,0.27435,0.04727,0.02016,0.01637
2020-02-09,0.3818,0.05604,0.02262,0.01764
2020-02-10,0.488,0.06777,0.02711,0.02978
2020-02-11,0.37191,0.05407,0.02413,0.03535
2020-02-12,0.55199,0.09807,0.03957,0.03548
2020-02-13,0.58237,0.10705,0.04036,0.04521
2020-02-14,0.37161,0.06792,0.02514,0.03408
2020-02-15,0.30025,0.05746,0.02341,0.0194
2020-02-16,0.39902,0.09085,0.03511,0.02095
2020-02-17,0.46177,0.10156,0.04742,0.03393
2020-02-18,0.31751,0.05592,0.02723,0.04142
2020-02-19,0.30486,0.05698,0.02268,0.03693
2020-02-20,0.33849,0.06614,0.02832,0.02959
2020-02-21,0.27008,0.04336,0.01858,0.02413
2020-02-22,0.21143,0.03751,0.01573,0.01774
2020-02-23,0.21883,0.03942,0.0174,0.01883
2020-02-24,0.35326,0.05182,0.02083,0.02653
2020-02-25,0.33173,0.05185,0.02228,0.02796
2020-02-26,0.37604,0.06577,0.03005,0.02738
2020-02-27,0.42989,0.06413,0.03017,0.02805
2020-02-28,0.35084,0.05006,0.02265,0.02486
2020-02-29,0.22244,0.03448,0.01622,0.01734
2020-03-01,0.24385,0.03347,0.01604,0.01652
2020-03-02,0.2621,0.03836,0.01928,0.0288
2020-03-03,0.26641,0.04181,0.02083,0.0309
2020-03-04,0.2762,0.05018,0.0336,0.03062
2020-03-05,0.28679,0.06932,0.04836,0.0336
2020-03-06,0.25464,0.05313,0.0289,0.02911
2020-03-07,0.20503,0.03796,0.01731,0.02213
2020-03-08,0.23787,0.0463,0.02247,0.02031
2020-03-09,0.977,0.10874,0.05188,0.03341
2020-03-10,0.50134,0.06259,0.02893,0.03178
2020-03-11,0.3693,0.0514,0.02474,0.03478
2020-03-12,1.70765,0.17922,0.06144,0.03351
2020-03-13,3.21239,0.19596,0.06507,0.03217
2020-03-14,0.77819,0.06987,0.02565,0.02483
2020-03-15,0.53898,0.0564,0.01928,0.02304
2020-03-16,0.95514,0.09316,0.03387,0.0399
2020-03-17,0.93185,0.0887,0.03338,0.0409
2020-03-18,0.81,0.08133,0.03593,0.0389
2020-03-19,1.12245,0.09692,0.03454,0.03766
2020-03-20,1.08636,0.09125,0.03238,0.0352
2020-03-21,0.57358,0.06241,0.01943,0.0231
2020-03-22,0.46098,0.0551,0.01792,0.02319
2020-03-23,0.75611,0.08072,0.02871,0.04154
2020-03-24,0.72457,0.10556,0.03105,0.04066
2020-03-25,0.70604,0.1189,0.09479,0.04036
2020-03-26,0.57279,0.10465,0.05267,0.04542
2020-03-27,0.52124,0.08788,0.04448,0.03909
2020-03-28,0.44227,0.07105,0.03008,0.0268
2020-03-29,0.38908,0.06329,0.02759,0.03047
2020-03-30,0.50947,0.06617,0.0339,0.04685
2020-03-31,0.44545,0.06753,0.02426,0.03866
2020-04-01,0.39475,0.05649,0.02086,0.03748
2020-04-02,0.39223,0.05446,0.01925,0.03702
2020-04-03,0.35347,0.04815,0.01783,0.0342
2020-04-04,0.2467,0.03539,0.01385,0.02219
2020-04-05,0.23827,0.03563,0.01482,0.03065
2020-04-06,0.45143,0.08506,0.02583,0.04891
2020-04-07,0.54319,0.09625,0.02793,0.04642
2020-04-08,0.40958,0.05828,0.01752,0.04136
2020-04-09,0.37052,0.05043,0.01698,0.04915
2020-04-10,0.38474,0.06377,0.01892,0.03532
2020-04-11,0.26902,0.04209,0.01346,0.02559
2020-04-12,0.27833,0.03984,0.01307,0.03026
2020-04-13,0.38814,0.06159,0.02019,0.04178
2020-04-14,0.30653,0.04661,0.01473,0.04221
2020-04-15,0.26098,0.0372,0.01025,0.02783
2020-04-16,0.39129,0.05889,0.01537,0.05209
2020-04-17,0.32109,0.05034,0.01564,0.08309
2020-04-18,0.23235,0.03642,0.01343,0.0369
2020-04-19,0.2299,0.03872,0.01385,0.0531
2020-04-20,0.2762,0.04836,0.01586,0.0843
2020-04-21,0.32297,0.04773,0.01501,0.08536
2020-04-22,0.3045,0.04151,0.01443,0.05998
2020-04-23,0.31353,0.04758,0.01516,0.06189
2020-04-24,0.42516,0.05525,0.01625,0.05934
2020-04-25,0.25916,0.04021,0.01109,0.0363
2020-04-26,0.25746,0.04191,0.01222,0.03796
2020-04-27,0.36582,0.05122,0.01519,0.05249
2020-04-28,0.34911,0.04985,0.02086,0.0467
2020-04-29,0.47966,0.06022,0.02265,0.04491
2020-04-30,1.46953,0.07975,0.02847,0.03523
2020-05-01,0.44715,0.05031,0.01576,0.02929
2020-05-02,0.30589,0.03787,0.01322,0.02802
2020-05-03,0.31675,0.0463,0.01388,0.03032
2020-05-04,0.34789,0.04876,0.01598,0.03617
2020-05-05,0.26777,0.04548,0.01164,0.02959
2020-05-06,0.36858,0.0541,0.01479,0.04897
2020-05-07,0.39226,0.05219,0.01561,0.0618
2020-05-08,0.56551,0.05158,0.01485,0.05009
2020-05-09,0.32833,0.04212,0.01419,0.03414
2020-05-10,0.75996,0.1015,0.03141,0.03166
2020-05-11,0.62134,0.06171,0.02034,0.048
2020-05-12,0.49752,0.04609,0.01634,0.04303
2020-05-13,0.32509,0.04003,0.01561,0.04573
2020-05-14,0.37446,0.04388,0.01583,0.0507
2020-05-15,0.30113,0.03951,0.0157,0.04803
2020-05-16,0.19757,0.03059,0.01167,0.02268
2020-05-17,0.20818,0.03384,0.01143,0.02965
2020-05-18,0.31693,0.04327,0.01855,0.11469
2020-05-19,0.28639,0.04291,0.01837,0.09746
2020-05-20,0.27399,0.03975,0.01652,0.13713
2020-05-21,0.28891,0.0436,0.01807,0.07733
2020-05-22,0.26959,0.03824,0.01631,0.05219
2020-05-23,0.18541,0.0278,0.01125,0.03569
2020-05-24,0.19329,0.02692,0.01064,0.03044
2020-05-25,0.30022,0.03918,0.0167,0.05786
2020-05-26,0.26668,0.04215,0.01637,0.05734
2020-05-27,0.26101,0.04327,0.01519,0.05261
2020-05-28,0.26589,0.04212,0.0131,0.05534
2020-05-29,0.24294,0.03781,0.01225,0.04755
2020-05-30,0.18805,0.03017,0.01122,0.03275
2020-05-31,0.19517,0.03514,0.01155,0.04093
2020-06-01,0.24388,0.03742,0.01437,0.05024
2020-06-02,0.41094,0.05167,0.01737,0.05018
2020-06-03,0.40994,0.04797,0.02689,0.05689
2020-06-04,0.26262,0.04191,0.01786,0.04918
2020-06-05,0.24606,0.03827,0.01504,0.04773
2020-06-06,0.17394,0.02971,0.01058,0.02793
2020-06-07,0.20218,0.03126,0.01401,0.03162
2020-06-08,0.27893,0.03948,0.01965,0.05334
2020-06-09,0.2453,0.03784,0.01434,0.05343
2020-06-10,0.24051,0.03984,0.01564,0.04946
2020-06-11,0.25203,0.04642,0.01564,0.05028
2020-06-12,0.31681,0.06386,0.02517,0.04721
2020-06-13,0.15102,0.02802,0.01246,0.02717
2020-06-14,0.14899,0.02608,0.01046,0.03263
2020-06-15,0.34074,0.05134,0.02231,0.04994
2020-06-16,0.3031,0.04636,0.03296,0.0561
2020-06-17,0.28012,0.06789,0.03132,0.04491
2020-06-18,0.25397,0.05492,0.03426,0.04955
2020-06-19,0.23742,0.03811,0.01707,0.03772
2020-06-20,0.1509,0.02583,0.00982,0.02668
2020-06-21,0.18984,0.04118,0.02056,0.03035
2020-06-22,0.23599,0.04943,0.04764,0.05021
2020-06-23,0.23308,0.04018,0.03572,0.05191
2020-06-24,0.23278,0.04648,0.02007,0.07572
2020-06-25,0.26338,0.04436,0.01828,0.0618
2020-06-26,0.32084,0.03872,0.01434,0.048
2020-06-27,0.21467,0.02541,0.00843,0.02965
2020-06-28,0.24054,0.03708,0.01285,0.03257
2020-06-29,0.26559,0.0372,0.01364,0.06662
2020-06-30,0.23244,0.03642,0.02031,0.06347
2020-07-01,0.22268,0.03426,0.01819,0.04758
2020-07-02,0.20855,0.03563,0.013,0.04015
2020-07-03,0.21673,0.03566,0.011,0.03981
2020-07-04,0.17391,0.02298,0.00924,0.02462
2020-07-05,0.17549,0.02601,0.00833,0.02729
2020-07-06,0.24506,0.03669,0.01331,0.04645
2020-07-07,0.26289,0.03927,0.01379,0.04564
2020-07-08,0.24815,0.04075,0.01437,0.04509
2020-07-09,0.24967,0.04066,0.0167,0.046
2020-07-10,0.20257,0.03535,0.01291,0.0363
2020-07-11,0.15256,0.02556,0.01021,0.02295
2020-07-12,0.1619,0.02856,0.00982,0.02871
2020-07-13,0.22859,0.03954,0.0134,0.04218
2020-07-14,0.24406,0.0467,0.01455,0.04636
2020-07-15,0.22216,0.0363,0.01264,0.04691
2020-07-16,0.23933,0.03623,0.01264,0.04369
2020-07-17,0.19563,0.03411,0.01213,0.04054
2020-07-18,0.13874,0.02583,0.00749,0.02705
2020-07-19,0.13886,0.02559,0.00952,0.02438
2020-07-20,0.19287,0.03435,0.01206,0.04054
2020-07-21,0.22908,0.04964,0.01895,0.0399
2020-07-22,0.26407,0.06298,0.02283,0.04394
2020-07-23,0.26134,0.04818,0.01746,0.03978
2020-07-24,0.22732,0.03417,0.01146,0.03366
2020-07-25,0.18335,0.02896,0.00997,0.01922
2020-07-26,0.27532,0.04609,0.01586,0.04946
2020-07-27,1.59383,0.06489,0.02101,0.04715
2020-07-28,1.42104,0.0746,0.02004,0.04106
2020-07-29,0.57931,0.06541,0.01919,0.03757
2020-07-30,0.43372,0.05686,0.01758,0.03526
2020-07-31,0.35836,0.05294,0.01646,0.03172
2020-08-01,0.43035,0.05749,0.01734,0.02001
2020-08-02,1.15632,0.13949,0.03851,0.02738
2020-08-03,0.50316,0.06786,0.02001,0.0406
2020-08-04,0.43002,0.06016,0.01901,0.03475
2020-08-05,0.40175,0.05009,0.0171,0.03754
2020-08-06,0.37106,0.05073,0.01655,0.03551
2020-08-07,0.37625,0.05088,0.01637,0.03351
2020-08-08,0.24976,0.03839,0.01237,0.02362
2020-08-09,0.27414,0.03799,0.01398,0.02659
2020-08-10,0.46756,0.05379,0.02113,0.04033
2020-08-11,0.39547,0.05282,0.01695,0.04051
2020-08-12,0.38247,0.05388,0.01849,0.03593
2020-08-13,0.33452,0.04667,0.01707,0.03736
2020-08-14,0.30798,0.04597,0.01692,0.03126
2020-08-15,0.24573,0.04097,0.01352,0.02483
2020-08-16,0.2389,0.03329,0.01413,0.02086
2020-08-17,0.28685,0.04527,0.01601,0.02774
2020-08-18,0.44224,0.05504,0.02016,0.03566
2020-08-19,0.34456,0.05112,0.01701,0.0336
2020-08-20,0.3351,0.04651,0.01604,0.03793
2020-08-21,0.3226,0.04309,0.01498,0.0383
2020-08-22,0.23975,0.03811,0.01407,0.02335
2020-08-23,0.21986,0.03144,0.01279,0.03247
2020-08-24,0.29549,0.03966,0.01461,0.04752
2020-08-25,0.29737,0.04215,0.01516,0.04894
2020-08-26,0.36118,0.04451,0.01846,0.04521
2020-08-27,0.33755,0.04463,0.01764,0.046
2020-08-28,0.29407,0.04072,0.01598,0.0379
2020-08-29,0.21024,0.02896,0.01003,0.0289
2020-08-30,0.20961,0.03302,0.01282,0.04379
2020-08-31,0.26368,0.03954,0.01492,0.04958
2020-09-01,0.31235,0.04275,0.01388,0.0504
2020-09-02,0.41276,0.07078,0.02377,0.04864
2020-09-03,0.39347,0.06595,0.02368,0.05428
2020-09-04,1.45455,0.09837,0.02601,0.04773
2020-09-05,0.31908,0.05946,0.01628,0.03736
2020-09-06,0.41322,0.08266,0.02186,0.03733
2020-09-07,0.38623,0.05934,0.01646,0.04946
2020-09-08,0.35851,0.04924,0.0164,0.05064
2020-09-09,0.36667,0.04706,0.01464,0.04894
2020-09-10,0.34356,0.04045,0.01376,0.044
2020-09-11,0.29452,0.04391,0.01385,0.04673
2020-09-12,0.20448,0.03084,0.01006,0.0305
2020-09-13,0.23032,0.03096,0.01085,0.03839
2020-09-14,0.27011,0.03681,0.01188,0.04982
2020-09-15,0.27205,0.03648,0.01416,0.04906
2020-09-16,0.26286,0.04191,0.01489,0.04979
2020-09-17,0.24888,0.03851,0.01307,0.05146
2020-09-18,0.22056,0.0319,0.01319,0.04372
2020-09-19,0.17613,0.02532,0.01119,0.02786
2020-09-20,0.21955,0.03399,0.01052,0.03496
2020-09-21,0.30435,0.05158,0.01934,0.04491
2020-09-22,0.29731,0.04285,0.0144,0.0473
2020-09-23,0.22492,0.03232,0.01228,0.04733
2020-09-24,0.27842,0.04069,0.0144,0.04779
2020-09-25,0.19921,0.0265,0.01146,0.03881
2020-09-26,0.15229,0.02074,0.00909,0.02547
2020-09-27,0.15848,0.0225,0.01009,0.02805
2020-09-28,0.19287,0.02623,0.01085,0.04221
2020-09-29,0.1838,0.02341,0.00982,0.04118
2020-09-30,0.14016,0.01516,0.00755,0.0194
2020-10-01,0.14686,0.01989,0.00664,0.01813
2020-10-02,0.19902,0.03469,0.01085,0.01946
2020-10-03,0.17137,0.02125,0.00742,0.02283
2020-10-04,0.17874,0.02586,0.00946,0.04454
2020-10-05,0.20815,0.02832,0.01067,0.05358
2020-10-06,0.22159,0.03126,0.01231,0.05367
2020-10-07,0.23475,0.03657,0.01361,0.05664
2020-10-08,0.20573,0.02796,0.01076,0.05152
2020-10-09,0.18529,0.02592,0.00891,0.03008
2020-10-10,0.19029,0.02495,0.00879,0.03072
2020-10-11,0.18841,0.02577,0.00909,0.03284
2020-10-12,0.22868,0.03329,0.01219,0.04712
2020-10-13,0.24382,0.03435,0.01155,0.04782
2020-10-14,0.21097,0.02865,0.0107,0.04524
2020-10-15,0.21737,0.02744,0.01161,0.04012
2020-10-16,0.61152,0.03893,0.01258,0.04233
2020-10-17,0.17073,0.02195,0.00909,0.02653
2020-10-18,0.16779,0.02238,0.00812,0.03918
2020-10-19,0.2809,0.04063,0.01206,0.05525
2020-10-20,0.31038,0.03572,0.01304,0.04482
2020-10-21,0.49309,0.04054,0.01203,0.04457
2020-10-22,4.84607,0.09992,0.02353,0.04476
2020-10-23,0.58383,0.05971,0.01758,0.04081
2020-10-24,0.30626,0.03566,0.01052,0.02574
2020-10-25,0.44706,0.04172,0.01267,0.0332
2020-10-26,0.47808,0.05231,0.01752,0.05046
2020-10-27,0.51851,0.05731,0.01543,0.05188
2020-10-28,0.84127,0.0746,0.01758,0.0534
2020-10-29,0.49355,0.0554,0.01495,0.05943
2020-10-30,0.44645,0.04861,0.01316,0.05316
2020-10-31,0.42444,0.04178,0.00967,0.03257
2020-11-01,0.41361,0.05237,0.01916,0.03572
2020-11-02,0.53695,0.06325,0.02665,0.04967
2020-11-03,0.48879,0.06062,0.0198,0.04321
2020-11-04,0.42444,0.0568,0.01583,0.03999
2020-11-05,0.76757,0.06219,0.01613,0.03799
2020-11-06,3.97108,0.09082,0.02559,0.04949
2020-11-07,0.69749,0.05677,0.01446,0.03269
2020-11-08,0.7965,0.05664,0.01613,0.03557
2020-11-09,0.85349,0.06695,0.02056,0.04742
2020-11-10,0.6903,0.0588,0.01698,0.04218
2020-11-11,0.71302,0.06298,0.01937,0.04327
2020-11-12,0.72342,0.06568,0.01801,0.04758
2020-11-13,1.15256,0.0779,0.01786,0.03842
2020-11-14,0.57767,0.04603,0.0124,0.03205
2020-11-15,0.51481,0.04691,0.01228,0.03284
2020-11-16,0.76936,0.07378,0.01625,0.04494
2020-11-17,1.07787,0.08278,0.01849,0.04658
2020-11-18,8.38914,0.15199,0.03375,0.06392
2020-11-19,2.94691,0.11517,0.02541,0.06541
2020-11-20,2.0883,0.10419,0.0245,0.0514
2020-11-21,2.02664,0.11135,0.02859,0.03441
2020-11-22,1.82913,0.12676,0.02847,0.04103
2020-11-23,2.10024,0.15411,0.03208,0.05222
2020-11-24,3.16244,0.26419,0.04415,0.06435
2020-11-25,2.64605,0.1767,0.03238,0.05922
2020-11-26,3.40529,0.30325,0.05431,0.05737
2020-11-27,2.57724,0.14332,0.03329,0.05231
2020-11-28,1.37079,0.10835,0.02137,0.03457
2020-11-29,1.31671,0.08588,0.01995,0.04106
2020-11-30,1.7767,0.10222,0.02271,0.04952
2020-12-01,3.18876,0.17185,0.03102,0.06125
2020-12-02,1.93849,0.11444,0.02538,0.0598
2020-12-03,1.60963,0.09813,0.02189,0.05895
2020-12-04,1.36894,0.08979,0.0225,0.05379
2020-12-05,0.90528,0.07041,0.01543,0.03751
2020-12-06,0.9629,0.06996,0.01661,0.04227
2020-12-07,1.18977,0.08318,0.01992,0.05297
2020-12-08,1.04214,0.08136,0.01986,0.05661
2020-12-09,1.37436,0.11526,0.02529,0.05579
2020-12-10,1.10192,0.07687,0.01789,0.06426
2020-12-11,0.89067,0.07026,0.01543,0.04861
2020-12-12,0.62713,0.05255,0.01267,0.03381
2020-12-13,0.76254,0.06071,0.01749,0.03878
2020-12-14,0.89385,0.06486,0.01631,0.04624
2020-12-15,0.98601,0.06926,0.01376,0.04827
2020-12-16,1.16014,0.07347,0.0168,0.06147
2020-12-17,11.36814,0.15702,0.0329,0.05928
2020-12-18,3.28917,0.12027,0.02459,0.05203
2020-12-19,1.55098,0.08521,0.01667,0.0346
2020-12-20,1.72178,0.08442,0.0181,0.03672
2020-12-21,2.35231,0.23356,0.0278,0.05131
2020-12-22,1.74689,0.14886,0.02186,0.04797
2020-12-23,1.88939,0.14341,0.02705,0.04045
2020-12-24,1.54419,0.16096,0.03153,0.03402
2020-12-25,1.04472,0.08278,0.0164,0.02617
2020-12-26,1.3374,0.08215,0.01789,0.02808
2020-12-27,6.61968,0.14332,0.03141,0.03978
2020-12-28,3.87613,0.12063,0.02465,0.04918
2020-12-29,2.29475,0.11217,0.02335,0.04715
2020-12-30,2.3844,0.10377,0.02189,0.04288
2020-12-31,2.22134,0.08818,0.01843,0.03587
2021-01-01,1.70589,0.0746,0.0164,0.02459
2021-01-02,2.2445,0.08372,0.01792,0.02811
2021-01-03,9.74012,0.17564,0.03617,0.04994
2021-01-04,8.18977,0.22729,0.04345,0.06056
2021-01-05,4.96637,0.1502,0.03235,0.05825
2021-01-06,5.26599,0.16691,0.03881,0.06959
2021-01-07,7.71466,0.24576,0.05146,0.07284
2021-01-08,9.38204,0.25843,0.04306,0.07942
2021-01-09,6.32958,0.18598,0.03296,0.05498
2021-01-10,5.48583,0.21883,0.03614,0.6897
2021-01-11,15.71287,0.79754,0.06726,0.122
2021-01-12,11.25621,0.24606,0.04263,0.07366
2021-01-13,5.90059,0.14656,0.02595,0.06535
2021-01-14,5.67303,0.1438,0.02941,0.06656
2021-01-15,4.94054,0.13959,0.02668,0.06498
2021-01-16,3.44338,0.10607,0.02298,0.03466
2021-01-17,3.00205,0.10128,0.02429,0.04315
2021-01-18,3.44429,0.10583,0.01965,0.05649
2021-01-19,2.94515,0.10902,0.02144,0.05167
2021-01-20,2.86622,0.11636,0.02386,0.0507
2021-01-21,3.93639,0.15569,0.03278,0.04761
2021-01-22,8.1129,0.26671,0.04561,0.04597
2021-01-23,3.33148,0.11617,0.02189,0.03554
2021-01-24,2.42552,0.08858,0.01871,0.03517
2021-01-25,2.81202,0.11296,0.02338,0.04315
2021-01-26,2.53466,0.12336,0.0248,0.04454
2021-01-27,2.32447,0.12512,0.02301,0.04409
2021-01-28,2.36566,0.09652,0.02016,0.04066
2021-01-29,3.22573,0.09482,0.01886,0.03851
2021-01-30,2.32435,0.08855,0.01904,0.02862
2021-01-31,1.70222,0.09043,0.02741,0.02877
2021-02-01,2.50042,0.15499,0.03366,0.04236
2021-02-02,2.3229,0.11912,0.02504,0.04618
2021-02-03,1.99738,0.11117,0.03411,0.04115
2021-02-04,2.28654,0.13103,0.02905,0.04439
2021-02-05,1.58334,0.10025,0.02377,0.03918
2021-02-06,1.81482,0.10477,0.01952,0.02789
2021-02-07,1.6248,0.10674,0.02147,0.03096
2021-02-08,4.48325,0.129,0.02244,0.04078
2021-02-09,20.42882,0.26225,0.0564,0.07114
2021-02-10,6.39524,0.19996,0.0403,0.05246
2021-02-11,4.06036,0.17255,0.03475,0.04254
2021-02-12,5.34099,0.20242,0.04718,0.04639
2021-02-13,4.62503,0.25425,0.04582,0.04573
2021-02-14,4.44137,0.2141,0.03863,0.05555
2021-02-15,6.26675,0.33701,0.0568,0.07047
2021-02-16,5.69456,0.2093,0.04006,0.06814
2021-02-17,8.14104,0.29998,0.05485,0.08648
2021-02-18,8.8944,0.4124,0.08006,0.10835
2021-02-19,7.39108,0.35984,0.06186,0.08166
2021-02-20,12.80801,0.4067,0.03487,0.04175
2021-02-21,8.42901,0.34162,0.03918,0.046
2021-02-22,14.74438,0.56575,0.11293,0.15005
2021-02-23,20.72176,0.94116,0.11593,0.10471
2021-02-24,12.39843,0.37009,0.06541,0.08627
2021-02-25,7.59117,0.25764,0.04806,0.10893
2021-02-26,7.29504,0.26062,0.04742,0.08257
2021-02-27,4.74709,0.16946,0.04385,0.08191
2021-02-28,6.07157,0.25889,0.0514,0.05043
2021-03-01,5.94957,0.20306,0.03636,0.05455
2021-03-02,5.22554,0.17719,0.03702,0.07466
2021-03-03,4.67582,0.16324,0.04142,0.0836
2021-03-04,4.23698,0.16536,0.03648,0.08852
2021-03-05,4.05247,0.15299,0.02956,0.07605
2021-03-06,2.68147,0.11499,0.02286,0.04927
2021-03-07,2.48614,0.11511,0.02368,0.05792
2021-03-08,3.11249,0.14371,0.03008,0.08057
2021-03-09,4.80037,0.18632,0.03208,0.07557
2021-03-10,4.72859,0.19532,0.0352,0.08272
2021-03-11,4.39449,0.18201,0.03072,0.07984
2021-03-12,4.00896,0.17325,0.03147,0.07654
2021-03-13,4.61526,0.19748,0.04075,0.06298
2021-03-14,6.69492,0.2383,0.04661,0.06893
2021-03-15,8.13061,0.37012,0.06771,0.09995
2021-03-16,6.51639,0.32964,0.06325,0.08075
2021-03-17,5.39339,0.34516,0.06965,0.07599
2021-03-18,5.13204,0.21567,0.02962,0.06183
2021-03-19,4.25326,0.22331,0.02356,0.07275
2021-03-20,3.62864,0.24836,0.05567,0.08794
2021-03-21,4.34093,0.28306,0.06286,0.08245
2021-03-22,4.31952,0.16585,0.0581,0.06213
2021-03-23,7.23881,0.36297,0.07065,0.04166
2021-03-24,5.08719,0.09643,0.04749,0.04721
2021-03-25,6.97452,0.32127,0.06953,0.04706
2021-03-26,3.95031,0.10253,0.03827,0.049
2021-03-27,2.53093,0.1458,0.02841,0.06025
2021-03-28,2.42297,0.14877,0.0336,0.07308
2021-03-29,3.47831,0.11538,0.04269,0.06022
2021-03-30,4.06221,0.07808,0.05855,0.04388
2021-03-31,5.22099,0.17376,0.05965,0.06022
2021-04-01,5.17204,0.22586,0.05501,0.07253
2021-04-02,6.60346,0.36266,0.07711,0.08776
2021-04-03,5.11458,0.35168,0.06398,0.10077
2021-04-04,5.00374,0.38844,0.07141,0.08773
2021-04-05,6.30353,0.39356,0.07229,0.07869
2021-04-06,7.76727,0.49388,0.08345,0.07363
2021-04-07,16.28639,1.28038,0.19863,0.06556
2021-04-08,9.85924,0.48366,0.08097,0.0631
2021-04-09,5.89692,0.21558,0.05807,0.0484
2021-04-10,4.5766,0.07711,0.04727,0.01843
2021-04-11,4.49323,0.24554,0.07987,0.06856
2021-04-12,4.76322,0.23417,0.05831,0.06492
2021-04-13,5.97689,0.2386,0.0551,0.04715
2021-04-14,6.29074,0.32051,0.06705,0.05082
2021-04-15,5.37708,0.24597,0.06677,0.04906
2021-04-16,5.15424,0.32609,0.07642,0.03993
2021-04-17,4.05111,0.21015,0.07496,0.01874
2021-04-18,11.3662,0.90289,0.18656,0.02019
2021-04-19,9.41367,0.7008,0.18168,0.04394
2021-04-20,15.88451,1.41573,0.2799,0.04169
2021-04-21,8.10319,0.84205,0.15714,0.04109
2021-04-22,12.29338,1.19174,0.21743,0.042
2021-04-23,27.74466,2.46658,0.37173,0.08927
2021-04-24,12.42772,1.08927,0.14659,0.08733
2021-04-25,8.04654,0.73967,0.11029,0.07602
2021-04-26,9.94925,1.03235,0.15065,0.06996
2021-04-27,7.58304,0.82462,0.11857,0.04106
2021-04-28,7.49125,0.93133,0.12597,0.0799
2021-04-29,5.01987,0.485,0.07423,0.08915
2021-04-30,3.71583,0.35487,0.05652,0.084
2021-05-01,3.74973,0.32521,0.05288,0.0678
