날짜,뉴스_변동성_크기,뉴스_변동성_방향
2021.04.30.,1.64247311827957,2.5652173913043477
2021.04.29.,1.8635235732009925,14.307692307692308
2021.04.28.,1.8057210965435042,17.266666666666666
2021.04.27.,2.5045592705167175,-69.05882352941177
2021.04.26.,1.931937172774869,4.126436781609195
2021.04.25.,1.4842931937172774,9.473684210526315
2021.04.24.,1.8917910447761195,7.636363636363637
2021.04.23.,1.512924071082391,3.7008797653958942
2021.04.22.,1.4258555133079849,-26.5
2021.04.21.,1.796641791044776,5.35
2021.04.20.,1.5901386748844375,4.496815286624204
2021.04.19.,1.410621761658031,-8.08974358974359
2021.04.18.,1.5680473372781065,-2.911111111111111
2021.04.17.,1.193103448275862,9.238095238095237
2021.04.16.,1.6790123456790123,5.107142857142857
2021.04.15.,1.7336769759450172,12.104477611940299
2021.04.14.,1.5896414342629481,-74.875
2021.04.13.,1.3294392523364487,1.9356223175965666
2021.04.12.,3.1596638655462184,8.431818181818182
2021.04.11.,1.7088607594936709,1.7536231884057971
2021.04.10.,1.355263157894737,1.5692307692307692
2021.04.09.,3.6808510638297873,2.17816091954023
2021.04.08.,1.90625,1.9583333333333333
2021.04.07.,1.5436893203883495,11.81081081081081
2021.04.06.,1.5966666666666667,1.935323383084577
2021.04.05.,1.88135593220339,1.4464944649446494
2021.04.04.,1.59375,2.210526315789474
2021.04.03.,1.1925465838509317,3.4166666666666665
2021.04.02.,1.3682926829268294,1.736842105263158
2021.04.01.,1.3623445825932505,1.8333333333333333
2021.03.31.,1.5705882352941176,1.5169491525423728
2021.03.30.,2.3945578231292517,1.434920634920635
2021.03.29.,10.941176470588236,2.1578947368421053
2021.03.28.,1.9411764705882353,1.8
2021.03.27.,2.4761904761904763,1.4186046511627908
2021.03.26.,1.6388888888888888,1.8992248062015504
2021.03.25.,1.5753424657534247,2.0232558139534884
2021.03.24.,1.575,3.625
2021.03.23.,1.8267148014440433,3.0064935064935066
2021.03.22.,1.5772727272727274,16.466666666666665
2021.03.21.,5.5,2.638888888888889
2021.03.20.,2.2162162162162162,3.3636363636363638
2021.03.19.,6.1875,1.908496732026144
2021.03.18.,1.8238341968911918,2.282608695652174
2021.03.17.,1.3695652173913044,3.8703703703703702
2021.03.16.,1.4423076923076923,2.2824858757062145
2021.03.15.,1.5719063545150502,2.1538461538461537
2021.03.14.,1.2691029900332227,1.4205128205128206
2021.03.13.,1.1643835616438356,1.5034013605442176
2021.03.12.,1.462686567164179,1.6158536585365855
2021.03.11.,1.4311926605504588,1.696629213483146
2021.03.10.,1.462962962962963,2.2467532467532467
2021.03.09.,1.540084388185654,2.242857142857143
2021.03.08.,1.3514150943396226,2.1797752808988764
2021.03.07.,1.2340425531914894,2.375
2021.03.06.,1.8181818181818181,2.2941176470588234
2021.03.05.,2.6493506493506493,1.624113475177305
2021.03.04.,1.4068965517241379,2.6507936507936507
2021.03.03.,1.838235294117647,2.1941747572815533
2021.03.02.,1.5822222222222222,2.369747899159664
2021.03.01.,1.4090909090909092,1.8076923076923077
2021.02.28.,1.626865671641791,-13.8
2021.02.27.,1.8160919540229885,3.0652173913043477
2021.02.26.,1.7037037037037037,4.261904761904762
2021.02.25.,1.4609665427509293,3.5844155844155843
2021.02.24.,1.3408071748878925,2.435
2021.02.23.,1.2493333333333334,2.5104166666666665
2021.02.22.,1.4786821705426356,1.942363112391931
2021.02.21.,1.2876106194690264,1.8222222222222222
2021.02.20.,1.1436781609195403,1.9215686274509804
2021.02.19.,1.3611111111111112,3.1650485436893203
2021.02.18.,1.223728813559322,5.673913043478261
2021.02.17.,1.2802547770700636,1.559718969555035
2021.02.16.,1.2055555555555555,1.8430232558139534
2021.02.15.,1.4263157894736842,5.305555555555555
2021.02.14.,1.5106382978723405,3.75
2021.02.13.,1.9090909090909092,2.1964285714285716
2021.02.12.,2.4390243902439024,25.0
2021.02.11.,1.4666666666666666,8.571428571428571
2021.02.10.,1.355421686746988,2.4814814814814814
2021.02.09.,1.2450090744101634,3.2346368715083798
2021.02.08.,1.7826086956521738,2.158536585365854
2021.02.07.,1.75,1.9210526315789473
2021.02.06.,1.2987012987012987,5.0
2021.02.05.,13.444444444444445,1.8695652173913044
2021.02.04.,-5.8,67.66666666666667
2021.02.03.,1.2548076923076923,5.0
2021.02.02.,1.4732824427480915,1.9772727272727273
2021.02.01.,2.4857142857142858,1.9285714285714286
2021.01.31.,1.6923076923076923,1.4285714285714286
2021.01.30.,1.2413793103448276,1.7857142857142858
2021.01.29.,1.5175438596491229,1.9594594594594594
2021.01.28.,1.6282051282051282,2.75
2021.01.27.,1.8095238095238095,4.166666666666667
2021.01.26.,8.0625,24.75
2021.01.25.,2.097560975609756,1.8333333333333333
2021.01.24.,1.4242424242424243,2.375
2021.01.23.,1.1627906976744187,1.6956521739130435
2021.01.22.,1.3478260869565217,1.7322834645669292
2021.01.21.,1.584070796460177,3.263157894736842
2021.01.20.,-3.0508474576271185,10.3
2021.01.19.,3.914285714285714,7.8
2021.01.18.,3.422222222222222,2.3857142857142857
2021.01.17.,1.3888888888888888,-3.2857142857142856
2021.01.16.,1.1818181818181819,11.0
2021.01.15.,1.3867924528301887,4.4
2021.01.14.,1.6149425287356323,3.627450980392157
2021.01.13.,1.2311827956989247,3.422222222222222
2021.01.12.,1.3111888111888113,-6.451612903225806
2021.01.11.,1.3872832369942196,3.5
2021.01.10.,1.5245901639344261,-2.227272727272727
2021.01.09.,1.40625,-0.9166666666666666
2021.01.08.,1.1096774193548387,3.219298245614035
2021.01.07.,1.324742268041237,2.62
2021.01.06.,2.358490566037736,2.2448979591836733
2021.01.05.,1.644859813084112,2.7115384615384617
2021.01.04.,1.539568345323741,3.239130434782609
2021.01.03.,1.0833333333333333,1.235632183908046
2021.01.02.,1.173913043478261,2.1875
2021.01.01.,1.625,1.9230769230769231
2020.12.31.,1.4586776859504131,-4.921052631578948
2020.12.30.,1.4210526315789473,1.4375
2020.12.29.,1.6216216216216217,5.833333333333333
2020.12.28.,1.4390243902439024,1.875
2020.12.27.,1.2133333333333334,1.3814432989690721
2020.12.26.,1.1923076923076923,-8.5
2020.12.25.,1.4193548387096775,2.0
2020.12.24.,2.9565217391304346,2.2222222222222223
2020.12.23.,1.9887640449438202,1.9382716049382716
2020.12.22.,1.1746794871794872,-0.8920454545454546
2020.12.21.,1.2521891418563922,-0.9230769230769231
2020.12.20.,6.0,
2020.12.19.,1.0740740740740742,1.3125
2020.12.18.,1.3333333333333333,1.9318181818181819
2020.12.17.,1.1888111888111887,1.3203883495145632
2020.12.16.,1.4366197183098592,1.891304347826087
2020.12.15.,2.617021276595745,4.826086956521739
2020.12.14.,1.8,1.6666666666666667
2020.12.13.,2.5,1.7272727272727273
2020.12.12.,1.2307692307692308,1.8333333333333333
2020.12.11.,1.5285714285714285,24.0
2020.12.10.,2.2666666666666666,4.043478260869565
2020.12.09.,2.4130434782608696,1.620253164556962
2020.12.08.,1.5454545454545454,-3.310344827586207
2020.12.07.,3.7,-11.5
2020.12.06.,2.590909090909091,1.7741935483870968
2020.12.05.,-1.3333333333333333,1.5
2020.12.04.,1.6931818181818181,-12.0
2020.12.03.,4.588235294117647,1.8048780487804879
2020.12.02.,2.176470588235294,7.571428571428571
2020.12.01.,1.722543352601156,2.447058823529412
2020.11.30.,1.5256410256410255,1.7586206896551724
2020.11.29.,1.25,1.3333333333333333
2020.11.28.,1.205128205128205,2.888888888888889
2020.11.27.,2.657142857142857,-8.25
2020.11.26.,2.004149377593361,-1.4651162790697674
2020.11.25.,1.6777777777777778,1.6973684210526316
2020.11.24.,1.4291497975708503,1.2592592592592593
2020.11.23.,6.2,-24.5
2020.11.22.,1.5263157894736843,-2.625
2020.11.21.,1.5454545454545454,6.8
2020.11.20.,1.4133333333333333,2.40625
2020.11.19.,5.0625,1.6238532110091743
2020.11.18.,1.2735849056603774,1.4620253164556962
2020.11.17.,2.8260869565217392,1.6153846153846154
2020.11.16.,1.8085106382978724,1.588235294117647
2020.11.15.,-0.6666666666666666,2.0
2020.11.14.,-0.8571428571428571,-1.25
2020.11.13.,5.25,1.4841269841269842
2020.11.12.,15.5,1.290909090909091
2020.11.11.,4.2727272727272725,1.6388888888888888
2020.11.10.,5.818181818181818,-4.0
2020.11.09.,-1.146067415730337,-0.9387755102040817
2020.11.08.,2.2142857142857144,3.25
2020.11.07.,2.1,-2.0
2020.11.06.,7.117647058823529,29.75
2020.11.05.,1.4411764705882353,1.425
2020.11.04.,2.0377358490566038,2.7209302325581395
2020.11.03.,6.125,1.5263157894736843
2020.11.02.,4.542857142857143,6.666666666666667
2020.11.01.,2.3333333333333335,9.25
2020.10.31.,1.95,1.25
2020.10.30.,5.363636363636363,1.5833333333333333
2020.10.29.,5.318181818181818,2.4745762711864407
2020.10.28.,2.4210526315789473,-91.0
2020.10.27.,2.0217391304347827,2.4
2020.10.26.,1.64,1.8571428571428572
2020.10.25.,5.0,3.7142857142857144
2020.10.24.,11.0,1.3846153846153846
2020.10.23.,4.290322580645161,5.944444444444445
2020.10.22.,9.227272727272727,3.622950819672131
2020.10.21.,9.80952380952381,-6.517241379310345
2020.10.20.,1.7878787878787878,2.5142857142857142
2020.10.19.,2.7,2.673076923076923
2020.10.18.,-1.1818181818181819,5.0
2020.10.17.,-3.9166666666666665,2.0
2020.10.16.,2.7916666666666665,9.214285714285714
2020.10.15.,18.714285714285715,3.261904761904762
2020.10.14.,24.5,2.9411764705882355
2020.10.13.,2.2972972972972974,-14.25
2020.10.12.,2.0875,1.6571428571428573
2020.10.11.,-1.5454545454545454,1.5172413793103448
2020.10.10.,1.2272727272727273,-4.0
2020.10.09.,1.9545454545454546,3.3076923076923075
2020.10.08.,24.0,-8.0
2020.10.07.,1.4210526315789473,2.6923076923076925
2020.10.06.,-18.0,14.5
2020.10.05.,-4.357142857142857,1.853658536585366
2020.10.04.,4.142857142857143,3.7142857142857144
2020.10.03.,-3.3333333333333335,
2020.10.02.,-1.0,11.0
2020.10.01.,2.1666666666666665,3.25
2020.09.30.,-1.6,-15.0
2020.09.29.,-6.875,1.5806451612903225
2020.09.28.,-4.5,-21.0
2020.09.27.,-2.4444444444444446,1.2941176470588236
2020.09.26.,-0.5555555555555556,2.2222222222222223
2020.09.25.,3.5625,7.0
2020.09.24.,2.15625,6.4
2020.09.23.,1.4936708860759493,-2.9583333333333335
2020.09.22.,12.25,2.608695652173913
2020.09.21.,4.0,8.0
2020.09.20.,5.333333333333333,-1.4615384615384615
2020.09.19.,,1.2
2020.09.18.,-22.0,3.1176470588235294
2020.09.17.,1.5952380952380953,-1.2222222222222223
2020.09.16.,2.0344827586206895,1.9444444444444444
2020.09.15.,3.4545454545454546,1.5483870967741935
2020.09.14.,2.25,2.033333333333333
2020.09.13.,3.0,1.4375
2020.09.12.,8.5,1.9
2020.09.11.,-0.8214285714285714,2.1153846153846154
2020.09.10.,2.5652173913043477,1.3492063492063493
2020.09.09.,1.8412698412698412,-26.666666666666668
2020.09.08.,-5.0,1.5603448275862069
2020.09.07.,4.05,2.395348837209302
2020.09.06.,-4.0,-2.7142857142857144
2020.09.05.,1.3,-2.0
2020.09.04.,-9.875,2.2093023255813953
2020.09.03.,2.909090909090909,15.4
2020.09.02.,3.0,11.1
2020.09.01.,2.9,2.0
2020.08.31.,-2.6,7.857142857142857
2020.08.30.,9.25,1.28125
2020.08.29.,2.0,-0.4
2020.08.28.,1.5256410256410255,1.9333333333333333
2020.08.27.,4.913043478260869,19.6
2020.08.26.,10.285714285714286,1.5909090909090908
2020.08.25.,5.555555555555555,2.5714285714285716
2020.08.24.,-4.625,1.63013698630137
2020.08.23.,-3.3333333333333335,-1.0
2020.08.22.,-0.16666666666666666,1.146341463414634
2020.08.21.,-0.6568627450980392,1.984375
2020.08.20.,7.8,1.6666666666666667
2020.08.19.,3.388888888888889,2.4074074074074074
2020.08.18.,27.333333333333332,13.0
2020.08.17.,1.9166666666666667,1.5517241379310345
2020.08.16.,-1.0769230769230769,1.1818181818181819
2020.08.15.,-1.5,1.2222222222222223
2020.08.14.,27.5,1.6486486486486487
2020.08.13.,6.666666666666667,2.4375
2020.08.12.,2.4615384615384617,1.4074074074074074
2020.08.11.,2.4893617021276597,2.1636363636363636
2020.08.10.,8.5,3.6470588235294117
2020.08.09.,-10.5,3.5
2020.08.08.,2.1578947368421053,1.6296296296296295
2020.08.07.,-2.2465753424657535,-0.27385892116182575
2020.08.06.,5.6923076923076925,1.875
2020.08.05.,6.2105263157894735,1.5702479338842976
2020.08.04.,21.285714285714285,3.0727272727272728
2020.08.03.,1.4838709677419355,2.772727272727273
2020.08.02.,1.1794871794871795,-20.0
2020.08.01.,2.125,2.1538461538461537
2020.07.31.,2.1,2.210526315789474
2020.07.30.,2.096774193548387,9.6
2020.07.29.,1.4166666666666667,1.725
2020.07.28.,8.7,3.3846153846153846
2020.07.27.,2.7254901960784315,3.4722222222222223
2020.07.26.,3.3846153846153846,7.0
2020.07.25.,-1.0,2.0
2020.07.24.,8.0,1.8
2020.07.23.,-3.4827586206896552,1.8125
2020.07.22.,-2.6623376623376624,2.9382716049382718
2020.07.21.,-8.2,7.2
2020.07.20.,2.9523809523809526,2.0625
2020.07.19.,-0.8,1.5555555555555556
2020.07.18.,-1.6956521739130435,-1.4545454545454546
2020.07.17.,-4.195121951219512,-0.6129032258064516
2020.07.16.,27.833333333333332,-3.3636363636363638
2020.07.15.,5.944444444444445,7.666666666666667
2020.07.14.,3.433333333333333,2.6
2020.07.13.,-6.769230769230769,-2.066666666666667
2020.07.12.,-0.4074074074074074,-0.4230769230769231
2020.07.11.,,
2020.07.10.,2.4705882352941178,1.9761904761904763
2020.07.09.,3.1666666666666665,-1.829268292682927
2020.07.08.,7.4,3.673076923076923
2020.07.07.,2.625,20.571428571428573
2020.07.06.,-1.7209302325581395,-0.9811320754716981
2020.07.05.,-3.0,
2020.07.04.,-0.5769230769230769,1.3
2020.07.03.,-4.555555555555555,-4.333333333333333
2020.07.02.,2.5384615384615383,11.571428571428571
2020.07.01.,-88.0,1.5894736842105264
2020.06.30.,-3.9655172413793105,-1.6727272727272726
2020.06.29.,-67.0,2.128205128205128
2020.06.28.,-5.2,1.9444444444444444
2020.06.27.,-4.25,1.6923076923076923
2020.06.26.,-0.6834532374100719,-1.4285714285714286
2020.06.25.,-3.3,5.25
2020.06.24.,43.0,2.156862745098039
2020.06.23.,17.5,17.666666666666668
2020.06.22.,2.9705882352941178,-11.533333333333333
2020.06.21.,-1.0638297872340425,-0.6538461538461539
2020.06.20.,-1.7142857142857142,3.875
2020.06.19.,-4.909090909090909,2.7083333333333335
2020.06.18.,-2.393939393939394,6.857142857142857
2020.06.17.,-2.3194444444444446,-1.5063291139240507
2020.06.16.,-1.180327868852459,-6.714285714285714
2020.06.15.,-1.59375,1.763157894736842
2020.06.14.,-0.5714285714285714,-0.8275862068965517
2020.06.13.,-1.054054054054054,-0.66
2020.06.12.,3.696969696969697,3.341463414634146
2020.06.11.,1.9285714285714286,-1.2
2020.06.10.,-28.5,2.1724137931034484
2020.06.09.,6.25,-3.5
2020.06.08.,-2.5238095238095237,2.0526315789473686
2020.06.07.,-7.75,2.0476190476190474
2020.06.06.,-10.5,2.111111111111111
2020.06.05.,-3.9047619047619047,1.8837209302325582
2020.06.04.,-1.8095238095238095,1.7384615384615385
2020.06.03.,4.136363636363637,-2.4761904761904763
2020.06.02.,1.6288659793814433,-1.2295081967213115
2020.06.01.,1.5384615384615385,1.9411764705882353
2020.05.31.,1.6842105263157894,-1.3636363636363635
2020.05.30.,-7.666666666666667,-4.5
2020.05.29.,1.6170212765957446,-4.625
2020.05.28.,1.4782608695652173,1.711111111111111
2020.05.27.,1.7692307692307692,4.321428571428571
2020.05.26.,2.375,3.142857142857143
2020.05.25.,3.8666666666666667,2.789473684210526
2020.05.24.,3.1,24.0
2020.05.23.,-16.0,4.75
2020.05.22.,-4.416666666666667,1.75
2020.05.21.,3.96,-1.8529411764705883
2020.05.20.,2.020408163265306,4.466666666666667
2020.05.19.,-49.333333333333336,-15.5
2020.05.18.,-11.857142857142858,3.096774193548387
2020.05.17.,3.727272727272727,2.3333333333333335
2020.05.16.,-5.5,-0.6666666666666666
2020.05.15.,-0.6713286713286714,-0.6506024096385542
2020.05.14.,6.6,4.096774193548387
2020.05.13.,1.671875,1.3875
2020.05.12.,2.8125,4.157894736842105
2020.05.11.,4.571428571428571,-2.6315789473684212
2020.05.10.,8.0,6.0
2020.05.09.,1.8,19.0
2020.05.08.,2.8,-3.217391304347826
2020.05.07.,1.732394366197183,1.9411764705882353
2020.05.06.,1.726530612244898,7.1063829787234045
2020.05.05.,-2.4545454545454546,
2020.05.04.,18.0,64.0
2020.05.03.,-54.0,3.823529411764706
2020.05.02.,9.666666666666666,1.9375
2020.05.01.,2.4107142857142856,2.604651162790698
2020.04.30.,2.9166666666666665,2.8333333333333335
2020.04.29.,1.957142857142857,-1.7878787878787878
2020.04.28.,,4.208333333333333
2020.04.27.,-1.6635514018691588,4.086956521739131
2020.04.26.,1.5517241379310345,
2020.04.25.,-0.6296296296296297,4.176470588235294
2020.04.24.,-0.5159574468085106,3.043010752688172
2020.04.23.,2.084507042253521,2.693877551020408
2020.04.22.,4.153846153846154,1.7027027027027026
2020.04.21.,-4.333333333333333,3.268292682926829
2020.04.20.,2.5714285714285716,-12.333333333333334
2020.04.19.,6.5,2.857142857142857
2020.04.18.,1.6875,20.0
2020.04.17.,4.075,5.074074074074074
2020.04.16.,1.7752808988764044,4.913043478260869
2020.04.15.,4.25,-0.8695652173913043
2020.04.14.,2.761904761904762,-3.6666666666666665
2020.04.13.,1.7405857740585775,-0.6188811188811189
2020.04.12.,-5.75,2.28
2020.04.11.,-6.0,4.5
2020.04.10.,1.9285714285714286,
2020.04.09.,3.4,-6.923076923076923
2020.04.08.,1.5522388059701493,4.588235294117647
2020.04.07.,2.2051282051282053,-20.6
2020.04.06.,4.855072463768116,4.3
2020.04.05.,-19.0,-0.7058823529411765
2020.04.04.,-1.25,-2.6666666666666665
2020.04.03.,3.0434782608695654,-54.0
2020.04.02.,-79.0,7.375
2020.04.01.,2.913793103448276,4.25
2020.03.31.,3.0,5.177777777777778
2020.03.30.,2.6043956043956045,-3.975609756097561
2020.03.29.,1.4791666666666667,-0.6666666666666666
2020.03.28.,1.3166666666666667,-0.7941176470588235
2020.03.27.,1.6842105263157894,-1.5454545454545454
2020.03.26.,8.825,3.7590361445783134
2020.03.25.,2.28,-2.9491525423728815
2020.03.24.,3.1452991452991452,-55.2
2020.03.23.,2.183673469387755,6.52
2020.03.22.,2.9,-3.4615384615384617
2020.03.21.,3.462962962962963,-22.333333333333332
2020.03.20.,6.085714285714285,5.931034482758621
2020.03.19.,3.1333333333333333,3.65
2020.03.18.,3.2857142857142856,
2020.03.17.,3.0303030303030303,-35.0
2020.03.16.,2.375,-10.857142857142858
2020.03.15.,3.909090909090909,2.2222222222222223
2020.03.14.,1.5454545454545454,4.333333333333333
2020.03.13.,1.46875,3.4814814814814814
2020.03.12.,4.136363636363637,-7.25
2020.03.11.,3.7142857142857144,4.2727272727272725
2020.03.10.,1.9743589743589745,4.25
2020.03.09.,2.382978723404255,2.7777777777777777
2020.03.08.,1.7391304347826086,-0.6842105263157895
2020.03.07.,1.8214285714285714,-0.3448275862068966
2020.03.06.,2.7674418604651163,3.130434782608696
2020.03.05.,-28.0,6.0
2020.03.04.,-4.176470588235294,4.461538461538462
2020.03.03.,3.1538461538461537,15.75
2020.03.02.,1.7346938775510203,2.761904761904762
2020.03.01.,2.4615384615384617,2.5
2020.02.29.,3.0,11.0
2020.02.28.,12.142857142857142,-3.2142857142857144
2020.02.27.,-11.75,3.1538461538461537
2020.02.26.,4.222222222222222,-1.8461538461538463
2020.02.25.,1.6046511627906976,-2.4615384615384617
2020.02.24.,2.1481481481481484,-9.0
2020.02.23.,,6.5
2020.02.22.,3.5,-0.4375
2020.02.21.,-10.0,-4.0
2020.02.20.,-2.625,1.3728813559322033
2020.02.19.,2.8125,
2020.02.18.,1.3823529411764706,8.333333333333334
2020.02.17.,3.4583333333333335,-2.0344827586206895
2020.02.16.,-25.0,1.434782608695652
2020.02.15.,1.4,-0.42857142857142855
2020.02.14.,,1.3076923076923077
2020.02.13.,6.0,10.0
2020.02.12.,-3.25,1.7647058823529411
2020.02.11.,1.5084745762711864,3.5714285714285716
2020.02.10.,1.696969696969697,2.5
2020.02.09.,5.666666666666667,1.3888888888888888
2020.02.08.,9.0,1.4285714285714286
2020.02.07.,1.5116279069767442,5.714285714285714
2020.02.06.,1.596774193548387,2.6774193548387095
2020.02.05.,1.8837209302325582,2.1333333333333333
2020.02.04.,-9.625,-2.8095238095238093
2020.02.03.,-0.9482758620689655,7.3
2020.02.02.,-2.3333333333333335,-1.7142857142857142
2020.02.01.,-1.2,2.0
2020.01.31.,-10.875,1.3557692307692308
2020.01.30.,1.9696969696969697,5.555555555555555
2020.01.29.,-2.5625,1.4150943396226414
2020.01.28.,-2.0833333333333335,1.3270440251572326
2020.01.27.,2.3125,2.642857142857143
2020.01.26.,1.8571428571428572,2.3333333333333335
2020.01.25.,-1.8,4.0
2020.01.24.,-1.8181818181818181,1.3333333333333333
2020.01.23.,5.0,-3.2
2020.01.22.,2.28,-2.2857142857142856
2020.01.21.,13.0,4.153846153846154
2020.01.20.,-23.2,-11.833333333333334
2020.01.19.,2.142857142857143,-15.0
2020.01.18.,-1.5,1.25
2020.01.17.,2.1818181818181817,6.0
2020.01.16.,7.315789473684211,5.5
2020.01.15.,1.9423076923076923,1.5
2020.01.14.,1.5789473684210527,3.0
2020.01.13.,,2.3461538461538463
2020.01.12.,-0.8857142857142857,7.8
2020.01.11.,10.0,-3.0
2020.01.10.,1.6666666666666667,2.7096774193548385
2020.01.09.,1.8032786885245902,-10.714285714285714
2020.01.08.,1.452054794520548,4.785714285714286
2020.01.07.,1.2203389830508475,2.923076923076923
2020.01.06.,21.333333333333332,9.428571428571429
2020.01.05.,3.625,-25.0
2020.01.04.,-2.625,5.0
2020.01.03.,2.586206896551724,1.8205128205128205
2020.01.02.,4.25,-3.6153846153846154
2020.01.01.,6.0,-3.75
2019.12.31.,5.2727272727272725,-1.3142857142857143
2019.12.30.,-4.344827586206897,-0.7175572519083969
2019.12.29.,7.7272727272727275,-1.0172413793103448
2019.12.28.,-9.0,2.4444444444444446
2019.12.27.,7.285714285714286,1.6470588235294117
2019.12.26.,-3.75,-3.8333333333333335
2019.12.25.,24.0,-6.5
2019.12.24.,-11.333333333333334,4.125
2019.12.23.,1.6785714285714286,4.538461538461538
2019.12.22.,1.5151515151515151,1.5217391304347827
2019.12.21.,-0.5,3.0
2019.12.20.,24.0,1.84375
2019.12.19.,1.7307692307692308,2.111111111111111
2019.12.18.,1.7586206896551724,3.076923076923077
2019.12.17.,5.454545454545454,23.5
2019.12.16.,1.7659574468085106,-8.2
2019.12.15.,4.111111111111111,2.3636363636363638
2019.12.14.,1.3333333333333333,1.6666666666666667
2019.12.13.,-7.2,2.515151515151515
2019.12.12.,-5.6875,3.3703703703703702
2019.12.11.,-20.666666666666668,-0.5068493150684932
2019.12.10.,1.8666666666666667,-6.428571428571429
2019.12.09.,1.7107438016528926,-1.7846153846153847
2019.12.08.,,33.5
2019.12.07.,3.2,-1.8333333333333333
2019.12.06.,5.857142857142857,2.388888888888889
2019.12.05.,4.230769230769231,2.7777777777777777
2019.12.04.,23.0,3.909090909090909
2019.12.03.,-7.333333333333333,1.7222222222222223
2019.12.02.,-3.588235294117647,5.363636363636363
2019.12.01.,1.46875,-1.9
2019.11.30.,2.9,
2019.11.29.,4.4,6.454545454545454
2019.11.28.,1.6104651162790697,3.0338983050847457
2019.11.27.,1.791304347826087,2.4363636363636365
2019.11.26.,6.086956521739131,2.4166666666666665
2019.11.25.,-9.833333333333334,1.6666666666666667
2019.11.24.,2.923076923076923,14.0
2019.11.23.,-3.7142857142857144,1.434782608695652
2019.11.22.,2.076923076923077,3.0
2019.11.21.,4.157894736842105,8.333333333333334
2019.11.20.,3.1666666666666665,-12.666666666666666
2019.11.19.,-1.0961538461538463,-1.0416666666666667
2019.11.18.,4.294117647058823,-1.236842105263158
2019.11.17.,1.7777777777777777,-0.8888888888888888
2019.11.16.,2.4444444444444446,2.8333333333333335
2019.11.15.,2.3142857142857145,-5.666666666666667
2019.11.14.,1.5813953488372092,
2019.11.13.,2.0217391304347827,-8.5
2019.11.12.,,3.142857142857143
2019.11.11.,4.28,2.7777777777777777
2019.11.10.,2.25,22.0
2019.11.09.,2.3333333333333335,1.375
2019.11.08.,1.830188679245283,-1.8709677419354838
2019.11.07.,2.4074074074074074,-2.933333333333333
2019.11.06.,-18.5,6.363636363636363
2019.11.05.,-35.5,2.769230769230769
2019.11.04.,2.566666666666667,4.235294117647059
2019.11.03.,1.8461538461538463,-4.666666666666667
2019.11.02.,16.0,2.0833333333333335
2019.11.01.,-4.533333333333333,1.703125
2019.10.31.,5.0,2.5357142857142856
2019.10.30.,5.045454545454546,3.8518518518518516
2019.10.29.,7.0,2.024390243902439
2019.10.28.,1.4210526315789473,5.25
2019.10.27.,8.5,2.25
2019.10.26.,2.64,1.3818181818181818
2019.10.25.,2.066666666666667,-7.2727272727272725
2019.10.24.,1.736842105263158,-2.925925925925926
2019.10.23.,1.7012987012987013,-5.666666666666667
2019.10.22.,1.42,-1.9473684210526316
2019.10.21.,1.4761904761904763,-3.857142857142857
2019.10.20.,1.4603174603174602,5.636363636363637
2019.10.19.,-0.6363636363636364,1.3333333333333333
2019.10.18.,4.777777777777778,7.4
2019.10.17.,-1.9333333333333333,2.25
2019.10.16.,2.0277777777777777,-12.0
2019.10.15.,1.6145833333333333,3.054054054054054
2019.10.14.,5.8,2.590909090909091
2019.10.13.,1.4761904761904763,17.0
2019.10.12.,1.7307692307692308,1.4242424242424243
2019.10.11.,1.5,2.2962962962962963
2019.10.10.,2.2,4.384615384615385
2019.10.09.,2.0,2.533333333333333
2019.10.08.,-1.1578947368421053,-1.1346153846153846
2019.10.07.,2.302325581395349,-4.4
2019.10.06.,2.2666666666666666,-1.2142857142857142
2019.10.05.,1.8928571428571428,-0.5
2019.10.04.,1.5454545454545454,-4.888888888888889
2019.10.03.,2.0,-11.5
2019.10.02.,44.666666666666664,3.3902439024390243
2019.10.01.,1.671875,4.8125
2019.09.30.,1.9042553191489362,3.3777777777777778
2019.09.29.,1.2432432432432432,-0.4583333333333333
2019.09.28.,-8.5,4.75
2019.09.27.,3.1739130434782608,2.25
2019.09.26.,1.3902439024390243,5.916666666666667
2019.09.25.,1.5134099616858236,14.941176470588236
2019.09.24.,1.7352941176470589,-2.324324324324324
2019.09.23.,1.3893129770992367,-0.7654320987654321
2019.09.22.,,2.25
2019.09.21.,1.8888888888888888,-2.6666666666666665
2019.09.20.,-2.5833333333333335,-3.5
2019.09.19.,-3.0,1.5833333333333333
2019.09.18.,3.05,-1.28
2019.09.17.,2.7142857142857144,-1.7
2019.09.16.,2.076923076923077,15.4
2019.09.15.,3.4285714285714284,-2.5
2019.09.14.,-3.0869565217391304,1.5714285714285714
2019.09.13.,-0.8,-0.6666666666666666
2019.09.12.,1.3333333333333333,1.4166666666666667
2019.09.11.,2.7777777777777777,1.8
2019.09.10.,2.0,-29.0
2019.09.09.,2.8461538461538463,-0.8648648648648649
2019.09.08.,-28.0,-29.0
2019.09.07.,-3.0,-4.0
2019.09.06.,1.2938144329896908,-2.3877551020408165
2019.09.05.,42.0,4.444444444444445
2019.09.04.,3.0238095238095237,1.9714285714285715
2019.09.03.,1.3166666666666667,1.59375
2019.09.02.,1.8837209302325582,2.0606060606060606
2019.09.01.,3.0,1.5588235294117647
2019.08.31.,12.5,-24.0
2019.08.30.,-4.1,2.076923076923077
2019.08.29.,1.7681159420289856,7.9
2019.08.28.,1.4270833333333333,2.25
2019.08.27.,1.5217391304347827,-10.0
2019.08.26.,3.125,29.0
2019.08.25.,2.4,2.0
2019.08.24.,1.3333333333333333,-0.64
2019.08.23.,1.7317073170731707,1.8055555555555556
2019.08.22.,4.333333333333333,9.25
2019.08.21.,1.8783783783783783,-2.6129032258064515
2019.08.18.,1.8611111111111112,1.7058823529411764
2019.08.17.,,2.0
2019.08.16.,2.0,2.85
2019.08.15.,3.7142857142857144,2.75
2019.08.14.,1.7413793103448276,-2.52
2019.08.13.,1.6320754716981132,1.7142857142857142
2019.08.12.,1.962962962962963,-6.454545454545454
2019.08.11.,23.0,1.3181818181818181
2019.08.10.,2.2857142857142856,4.333333333333333
2019.08.09.,,2.0303030303030303
2019.08.08.,2.18,2.0588235294117645
2019.08.07.,1.8703703703703705,1.975609756097561
2019.08.06.,1.2465116279069768,2.287878787878788
2019.08.05.,1.4329896907216495,1.5733333333333333
2019.08.04.,3.142857142857143,2.7142857142857144
2019.08.03.,,1.16
2019.08.02.,2.3,1.7916666666666667
2019.08.01.,4.5,1.4615384615384615
2019.07.31.,1.88,2.2
2019.07.30.,10.0,1.9583333333333333
2019.07.29.,3.3157894736842106,4.636363636363637
2019.07.28.,2.5,3.8
2019.07.27.,2.0,-21.0
2019.07.26.,3.4,-20.0
2019.07.25.,4.785714285714286,7.857142857142857
2019.07.24.,1.513157894736842,-1.8181818181818181
2019.07.23.,2.0545454545454547,
2019.07.22.,2.4,17.25
2019.07.21.,1.74,-0.7241379310344828
2019.07.20.,1.375,1.4545454545454546
2019.07.19.,1.7846153846153847,4.8125
2019.07.18.,1.2983870967741935,6.583333333333333
2019.07.17.,1.410071942446043,-4.9411764705882355
2019.07.16.,1.233009708737864,-2.9375
2019.07.15.,1.8173076923076923,1.4233576642335766
2019.07.14.,2.55,-1.5625
2019.07.13.,2.0,2.125
2019.07.12.,1.2072072072072073,1.4814814814814814
2019.07.11.,1.5,15.444444444444445
2019.07.10.,1.7912087912087913,-2.6944444444444446
2019.07.09.,1.7289719626168225,11.545454545454545
2019.07.08.,1.671641791044776,16.5
2019.07.07.,2.3076923076923075,2.7777777777777777
2019.07.06.,1.7692307692307692,-6.0
2019.07.05.,1.82,3.933333333333333
2019.07.04.,1.625,-6.333333333333333
2019.07.03.,1.4430379746835442,-4.333333333333333
2019.07.02.,1.9782608695652173,8.571428571428571
2019.07.01.,1.4216867469879517,-2.0
2019.06.30.,1.233644859813084,-0.41379310344827586
2019.06.29.,1.3666666666666667,-3.2
2019.06.28.,1.5227272727272727,3.0294117647058822
2019.06.27.,1.353658536585366,6.027777777777778
2019.06.26.,1.504,1.8354430379746836
2019.06.25.,1.271523178807947,1.855072463768116
2019.06.24.,1.5070422535211268,5.761904761904762
2019.06.23.,1.2439024390243902,3.022727272727273
2019.06.22.,1.2926829268292683,3.4285714285714284
2019.06.21.,1.9315068493150684,-12.5
2019.06.20.,1.3671875,4.391304347826087
2019.06.19.,1.620879120879121,10.8
2019.06.18.,2.2972972972972974,2.4814814814814814
2019.06.17.,1.4050632911392404,1.7058823529411764
2019.06.16.,1.3928571428571428,1.8666666666666667
2019.06.15.,16.0,1.263157894736842
2019.06.14.,1.6825396825396826,1.7647058823529411
2019.06.13.,2.5,4.333333333333333
2019.06.12.,2.6666666666666665,2.6666666666666665
2019.06.11.,1.8461538461538463,-1.1265822784810127
2019.06.10.,1.7,2.234042553191489
2019.06.09.,3.5555555555555554,-21.0
2019.06.08.,-5.5,-3.6666666666666665
2019.06.07.,2.3793103448275863,2.608695652173913
2019.06.06.,2.3157894736842106,
2019.06.05.,3.5454545454545454,2.2058823529411766
2019.06.04.,1.46875,-7.444444444444445
2019.06.03.,1.7794117647058822,-9.428571428571429
2019.06.02.,2.5,1.6666666666666667
2019.06.01.,4.666666666666667,-1.375
2019.05.31.,1.3211009174311927,3.9444444444444446
2019.05.30.,1.7619047619047619,3.0
2019.05.29.,2.3230769230769233,1.9066666666666667
2019.05.28.,2.288135593220339,1.776978417266187
2019.05.27.,1.325,1.4789915966386555
2019.05.26.,2.2,4.4
2019.05.25.,2.0,1.4736842105263157
2019.05.24.,3.857142857142857,2.3714285714285714
2019.05.23.,1.5172413793103448,1.7551020408163265
2019.05.22.,1.7466666666666666,9.88888888888889
2019.05.21.,2.642857142857143,-5.7
2019.05.20.,2.0,12.857142857142858
2019.05.19.,1.6666666666666667,1.4736842105263157
2019.05.18.,1.7333333333333334,2.090909090909091
2019.05.17.,1.7457627118644068,1.6538461538461537
2019.05.16.,1.621212121212121,3.5
2019.05.15.,1.732394366197183,1.5357142857142858
2019.05.14.,1.8295454545454546,1.6864864864864866
2019.05.13.,1.3548387096774193,5.333333333333333
2019.05.12.,1.6756756756756757,6.142857142857143
2019.05.11.,2.2142857142857144,4.75
2019.05.10.,1.8269230769230769,2.5
2019.05.09.,1.456140350877193,4.0
2019.05.08.,1.475,1.5087719298245614
2019.05.07.,1.873015873015873,1.4767441860465116
2019.05.06.,4.25,-4.833333333333333
2019.05.05.,1.7419354838709677,-6.0
2019.05.04.,1.411764705882353,1.0666666666666667
2019.05.03.,2.8333333333333335,1.6666666666666667
2019.05.02.,9.25,1.4202898550724639
2019.05.01.,-1.7272727272727273,1.5522388059701493
2019.04.30.,-14.090909090909092,1.5555555555555556
2019.04.29.,8.416666666666666,3.5714285714285716
2019.04.28.,-9.0,-20.0
2019.04.27.,-2.142857142857143,-1.7307692307692308
2019.04.26.,-6.571428571428571,1.9310344827586208
2019.04.25.,3.033333333333333,-1.2173913043478262
2019.04.24.,1.8440366972477065,-2.6
2019.04.23.,1.7567567567567568,1.967741935483871
2019.04.22.,-3.2777777777777777,1.6911764705882353
2019.04.21.,-43.0,-0.9523809523809523
2019.04.20.,-32.0,4.25
2019.04.19.,3.652173913043478,1.9183673469387754
2019.04.18.,-30.5,1.975609756097561
2019.04.17.,1.864864864864865,4.0
2019.04.16.,2.25,38.666666666666664
2019.04.15.,1.7294117647058824,2.9655172413793105
2019.04.14.,-1.2105263157894737,2.3684210526315788
2019.04.13.,19.0,-2.4
2019.04.12.,3.066666666666667,1.709090909090909
2019.04.11.,3.2666666666666666,3.032258064516129
2019.04.10.,1.6714285714285715,1.9318181818181819
2019.04.09.,4.294117647058823,-1.8064516129032258
2019.04.08.,1.6956521739130435,1.6341463414634145
2019.04.07.,2.5,2.4285714285714284
2019.04.06.,-1.875,5.0
2019.04.05.,2.404255319148936,2.0714285714285716
2019.04.04.,4.145833333333333,-1.7179487179487178
2019.04.03.,1.6287425149700598,1.9481481481481482
2019.04.02.,1.4232558139534883,1.452127659574468
2019.04.01.,4.464285714285714,2.090909090909091
2019.03.31.,-2.95,-8.857142857142858
2019.03.30.,-5.9,-0.5514018691588785
2019.03.29.,2.3142857142857145,1.9090909090909092
2019.03.28.,-8.1,1.8142857142857143
2019.03.27.,-2.689655172413793,1.8113207547169812
2019.03.26.,8.083333333333334,1.8387096774193548
2019.03.25.,-2.8260869565217392,3.090909090909091
2019.03.24.,-3.875,4.0
2019.03.23.,-1.4,1.2666666666666666
2019.03.22.,-4.5,1.430232558139535
2019.03.21.,-3.875,3.0454545454545454
2019.03.20.,-6.6,3.7777777777777777
2019.03.19.,-4.027027027027027,1.6
2019.03.18.,2.9714285714285715,1.721311475409836
2019.03.17.,-1.3125,
2019.03.16.,14.0,1.25
2019.03.15.,-13.5,1.6833333333333333
2019.03.14.,-8.428571428571429,2.303030303030303
2019.03.13.,-4.818181818181818,1.5595238095238095
2019.03.12.,-64.66666666666667,6.0625
2019.03.11.,-5.0,1.675
2019.03.10.,-1.0,-1.7058823529411764
2019.03.09.,1.8064516129032258,1.3
2019.03.08.,2.9130434782608696,1.4901960784313726
2019.03.07.,-14.333333333333334,5.333333333333333
2019.03.06.,2.5681818181818183,3.3448275862068964
2019.03.05.,15.0,6.666666666666667
2019.03.04.,2.0294117647058822,15.666666666666666
2019.03.03.,10.75,-3.1
2019.03.02.,-1.3333333333333333,3.5
2019.03.01.,,-6.0
2019.02.28.,7.625,-0.8113207547169812
2019.02.27.,-4.923076923076923,1.4090909090909092
2019.02.26.,3.25,25.333333333333332
2019.02.25.,4.090909090909091,13.0
2019.02.24.,-4.0,-1.736842105263158
2019.02.23.,4.5,1.1818181818181819
2019.02.22.,4.333333333333333,3.4
2019.02.21.,27.666666666666668,4.444444444444445
2019.02.20.,-2.8461538461538463,2.075
2019.02.19.,-16.714285714285715,4.217391304347826
2019.02.18.,2.357142857142857,1.5806451612903225
2019.02.17.,-1.4,1.4193548387096775
2019.02.16.,-12.5,1.391304347826087
2019.02.15.,16.625,2.32
2019.02.14.,-6.523809523809524,1.6355932203389831
2019.02.13.,-4.2631578947368425,-3.3333333333333335
2019.02.12.,-9.5625,-0.7285714285714285
2019.02.11.,2.7096774193548385,-42.666666666666664
2019.02.10.,-1.6666666666666667,1.6923076923076923
2019.02.09.,1.8571428571428572,5.5
2019.02.08.,1.704225352112676,2.7435897435897436
2019.02.07.,5.7727272727272725,-1.7959183673469388
2019.02.06.,12.75,2.0344827586206895
2019.02.05.,-14.0,
2019.02.04.,7.75,1.5833333333333333
2019.02.03.,6.333333333333333,-8.0
2019.02.02.,-1.4545454545454546,1.3478260869565217
2019.02.01.,5.5,2.638888888888889
2019.01.31.,3.0444444444444443,10.75
2019.01.30.,-12.75,5.0588235294117645
2019.01.29.,1.9625,-20.0
2019.01.28.,1.4596774193548387,-7.928571428571429
2019.01.27.,-1.3157894736842106,-1.0
2019.01.26.,7.0,3.2857142857142856
2019.01.25.,-4.2631578947368425,-2.09375
2019.01.24.,23.75,7.153846153846154
2019.01.23.,2.5416666666666665,-5.125
2019.01.22.,-3.357142857142857,1.84375
2019.01.21.,,13.5
2019.01.20.,4.0,2.238095238095238
2019.01.19.,-1.5238095238095237,1.108695652173913
2019.01.18.,-6.3,3.6315789473684212
2019.01.17.,-2.611111111111111,2.2658227848101267
2019.01.16.,5.8,3.68
2019.01.15.,,17.25
2019.01.14.,1.7719298245614035,3.037037037037037
2019.01.13.,1.5142857142857142,6.8
2019.01.12.,5.0,5.333333333333333
2019.01.11.,2.42,2.5365853658536586
2019.01.10.,1.440251572327044,-4.708333333333333
2019.01.09.,2.7333333333333334,-4.333333333333333
2019.01.08.,-8.166666666666666,-23.0
2019.01.07.,-89.0,-3.1923076923076925
2019.01.06.,1.4,2.5833333333333335
2019.01.05.,7.6,-1.8571428571428572
2019.01.04.,1.5036496350364963,-1.4696969696969697
2019.01.03.,1.168421052631579,-0.48427672955974843
2019.01.02.,3.869565217391304,3.9047619047619047
2019.01.01.,1.9487179487179487,2.888888888888889
2018.12.31.,1.546875,-5.0
2018.12.30.,1.4210526315789473,2.1142857142857143
2018.12.29.,1.3571428571428572,-0.8461538461538461
2018.12.28.,2.357142857142857,2.6857142857142855
2018.12.27.,2.323529411764706,4.423076923076923
2018.12.26.,6.346153846153846,2.440677966101695
2018.12.25.,1.627906976744186,
2018.12.24.,1.2804532577903682,2.398230088495575
2018.12.23.,94.0,2.3191489361702127
2018.12.22.,2.0526315789473686,2.5833333333333335
2018.12.21.,1.7766990291262137,21.1875
2018.12.20.,2.021276595744681,2.328767123287671
2018.12.19.,2.521276595744681,2.7662337662337664
2018.12.18.,1.729032258064516,1.3571428571428572
2018.12.17.,1.6319444444444444,2.793103448275862
2018.12.16.,1.8157894736842106,2.074074074074074
2018.12.15.,2.076923076923077,11.0
2018.12.14.,3.090909090909091,6.555555555555555
2018.12.13.,1.7777777777777777,-5.052631578947368
2018.12.12.,2.017543859649123,3.4615384615384617
2018.12.11.,1.683673469387755,-21.0
2018.12.10.,1.49079754601227,-3.7666666666666666
2018.12.09.,2.8,4.4
2018.12.08.,18.0,-2.2
2018.12.07.,1.8235294117647058,3.0
2018.12.06.,2.4352941176470586,-4.066666666666666
2018.12.05.,1.7681159420289856,2.4642857142857144
2018.12.04.,2.9482758620689653,3.8
2018.12.03.,2.6140350877192984,-2.4871794871794872
2018.12.02.,6.625,6.5
2018.12.01.,1.4,1.4137931034482758
2018.11.30.,2.090909090909091,6.153846153846154
2018.11.29.,3.0277777777777777,2.4878048780487805
2018.11.28.,2.5384615384615383,1.896103896103896
2018.11.27.,4.588235294117647,4.642857142857143
2018.11.26.,1.6458333333333333,2.3181818181818183
2018.11.25.,1.6666666666666667,1.826086956521739
2018.11.24.,1.5,2.0
2018.11.23.,2.2048192771084336,2.1690140845070425
2018.11.22.,1.3406593406593406,5.043478260869565
2018.11.21.,2.018181818181818,2.0238095238095237
2018.11.20.,1.8253012048192772,2.6962025316455698
2018.11.19.,3.864864864864865,2.3225806451612905
2018.11.18.,6.5,3.0833333333333335
2018.11.17.,-4.666666666666667,2.5833333333333335
2018.11.16.,1.9710144927536233,-3.130434782608696
2018.11.15.,1.646067415730337,6.178571428571429
2018.11.14.,2.3950617283950617,17.875
2018.11.13.,6.444444444444445,8.722222222222221
2018.11.12.,2.888888888888889,7.166666666666667
2018.11.11.,2.6315789473684212,-4.0
2018.11.10.,-11.5,
2018.11.09.,7.944444444444445,127.0
2018.11.08.,4.212765957446808,3.5384615384615383
2018.11.07.,-18.0,2.5813953488372094
2018.11.06.,10.4,1.8837209302325582
2018.11.05.,8.642857142857142,7.357142857142857
2018.11.04.,17.0,3.8
2018.11.03.,-2.5,2.2222222222222223
2018.11.02.,14.285714285714286,7.769230769230769
2018.11.01.,-12.785714285714286,2.0505050505050506
2018.10.31.,-17.625,1.9259259259259258
2018.10.30.,4.086206896551724,2.5164835164835164
2018.10.29.,2.2688172043010755,76.5
2018.10.28.,-12.5,4.285714285714286
2018.10.27.,-0.4117647058823529,1.5238095238095237
2018.10.26.,20.333333333333332,1.8970588235294117
2018.10.25.,-49.0,6.923076923076923
2018.10.24.,-1.3545454545454545,2.064516129032258
2018.10.23.,-23.8,2.8666666666666667
2018.10.22.,2.746268656716418,-32.25
2018.10.21.,3.6842105263157894,6.0
2018.10.20.,-1.5454545454545454,1.5263157894736843
2018.10.19.,4.615384615384615,-6.333333333333333
2018.10.18.,-4.923076923076923,2.736842105263158
2018.10.17.,4.695652173913044,
2018.10.16.,5.104166666666667,67.33333333333333
2018.10.15.,2.127450980392157,2.75
2018.10.14.,3.1,-22.5
2018.10.13.,5.142857142857143,-3.375
2018.10.12.,71.66666666666667,-1.8780487804878048
2018.10.11.,2.8333333333333335,3.9285714285714284
2018.10.10.,4.461538461538462,3.4411764705882355
2018.10.09.,-48.0,2.28
2018.10.08.,-111.0,3.2941176470588234
2018.10.07.,-17.333333333333332,2.2916666666666665
2018.10.06.,-4.666666666666667,2.625
2018.10.05.,4.806451612903226,2.5714285714285716
2018.10.04.,2.9130434782608696,2.3617021276595747
2018.10.03.,2.32,4.615384615384615
2018.10.02.,-2.526315789473684,2.4864864864864864
2018.10.01.,21.8,9.0
2018.09.30.,,2.08
2018.09.29.,6.666666666666667,-3.6666666666666665
2018.09.28.,6.647058823529412,2.5217391304347827
2018.09.27.,2.0980392156862746,2.3461538461538463
2018.09.26.,2.967741935483871,3.235294117647059
2018.09.25.,2.0555555555555554,-2.25
2018.09.24.,4.0,-2.25
2018.09.23.,3.1538461538461537,-3.857142857142857
2018.09.22.,-2.5384615384615383,8.5
2018.09.21.,1.817391304347826,3.1176470588235294
2018.09.20.,2.3043478260869565,2.183673469387755
2018.09.19.,2.232876712328767,2.3846153846153846
2018.09.18.,-3.838709677419355,1.6470588235294117
2018.09.17.,4.4,2.425925925925926
2018.09.16.,5.25,-2.0
2018.09.15.,-0.9782608695652174,1.9705882352941178
2018.09.14.,37.0,2.1587301587301586
2018.09.13.,5.0,2.607843137254902
2018.09.12.,3.4464285714285716,2.6507936507936507
2018.09.11.,4.27906976744186,7.4
2018.09.10.,3.5454545454545454,5.739130434782608
2018.09.09.,1.8620689655172413,12.666666666666666
2018.09.08.,1.7083333333333333,-2.5555555555555554
2018.09.07.,1.9263157894736842,-2.3658536585365852
2018.09.06.,1.6567164179104477,-2.9523809523809526
2018.09.05.,2.5365853658536586,3.2
2018.09.04.,3.227272727272727,2.3508771929824563
2018.09.03.,7.578947368421052,1.6442307692307692
2018.09.02.,3.8666666666666667,1.3846153846153846
2018.09.01.,6.333333333333333,3.0
2018.08.31.,-6.9523809523809526,2.9038461538461537
2018.08.30.,1.9753086419753085,2.577777777777778
2018.08.29.,16.7,5.517241379310345
2018.08.28.,6.291666666666667,1.5961538461538463
2018.08.27.,5.714285714285714,1.5220588235294117
2018.08.26.,-7.625,1.5740740740740742
2018.08.25.,-2.235294117647059,1.5135135135135136
2018.08.24.,1.5714285714285714,1.746031746031746
2018.08.23.,2.0238095238095237,1.8205128205128205
2018.08.22.,1.9886363636363635,3.073170731707317
2018.08.21.,2.1358024691358026,2.0945945945945947
2018.08.20.,3.727272727272727,5.714285714285714
2018.08.19.,5.545454545454546,2.081081081081081
2018.08.18.,2.05,6.2
2018.08.17.,2.041095890410959,3.0
2018.08.16.,,2.2884615384615383
2018.08.15.,4.0,1.878787878787879
2018.08.14.,1.7352941176470589,45.333333333333336
2018.08.13.,2.7096774193548385,2.0422535211267605
2018.08.12.,3.2142857142857144,1.4477611940298507
2018.08.11.,2.6296296296296298,1.5
2018.08.10.,2.311926605504587,2.176470588235294
2018.08.09.,2.2334494773519165,1.9293478260869565
2018.08.08.,6.543478260869565,2.9651162790697674
2018.08.07.,10.526315789473685,-63.6
2018.08.06.,8.658536585365853,5.551724137931035
2018.08.05.,6.9,1.8333333333333333
2018.08.04.,2.2280701754385963,1.890625
2018.08.03.,2.125,3.0
2018.08.02.,56.0,-17.625
2018.08.01.,-6.5,-0.875
